title,company,location,link
국내 최고회사 Front-End 개발자(사원~대리),인코리아 프로페셔널,성남 분당구,https://kr.indeed.com/rc/clk?jk=3190701f5d19e3da&fccid=842365965c1f45a0&vjs=3
비즈개발실 서버 개발자 (경력),카카오,대한민국,https://kr.indeed.com/rc/clk?jk=736eb193e417cee2&fccid=32b9af632cf3b9f9&vjs=3
(국내 최고회사) Front End 개발자,인코리아 프로페셔널,성남 분당구,https://kr.indeed.com/rc/clk?jk=daa9a1a7d0e82c1f&fccid=842365965c1f45a0&vjs=3
[라프텔] React 웹/모바일 개발자,RIDI Corp,서울,https://kr.indeed.com/rc/clk?jk=b2e258661ebb10e0&fccid=ba4215b904dee414&vjs=3
대구 북구 웹 개발자 (Node.js/React Native) 각각 1명,더블디,대구 북구,https://kr.indeed.com/rc/clk?jk=66520360eebc2cf3&fccid=08211bdd29e8bdce&vjs=3
[기술기획] [인사/경영지원] 사내시스템 개발자,한국카카오은행,성남 분당구,https://kr.indeed.com/rc/clk?jk=02600c41e654780a&fccid=aea6a13a3459fdb2&vjs=3
네이버 일본 맛집 서비스 CONOMI React Native 개발자,네이버,서울,https://kr.indeed.com/rc/clk?jk=a2a58dc6daa27016&fccid=412ff571bced2587&vjs=3
추천팀 서비스 개발자 (계약),카카오,대한민국,https://kr.indeed.com/rc/clk?jk=c5783af875e8ec98&fccid=32b9af632cf3b9f9&vjs=3
[Platform Engineering] Front-end Engineer,네이버랩스,경기도,https://kr.indeed.com/rc/clk?jk=d13303a7b4c6f68e&fccid=d30455f17633cf87&vjs=3
"react, Typescript 신입/경력 정규직",펠로워즈,서울 마포구,https://kr.indeed.com/rc/clk?jk=eb8bd8046111e2d8&fccid=3cc910345b1e8f7e&vjs=3
Developer / Designer recruit,마이뮤직테이스트,서울 논현동,https://kr.indeed.com/rc/clk?jk=55a19c92c845685e&fccid=74d05cee5b52f133&vjs=3
[네이버파이낸셜] 백엔드 개발자,네이버파이낸셜,성남 분당구,https://kr.indeed.com/rc/clk?jk=f16a87012a9a1068&fccid=27707db6e1b5bf22&vjs=3
APP 개발자(react native),더트라이브,과천 과천시,https://kr.indeed.com/rc/clk?jk=44555f028d57be1e&fccid=c69f4f5a859c7964&vjs=3
"백엔드, 프론트엔드,웹 디자인 외 신입/경력 정규직",비엣메이트,성남 수정구,https://kr.indeed.com/rc/clk?jk=91c738c9999df69a&fccid=e48e584495496067&vjs=3
개발 총괄 PM,비플러스랩,대한민국,https://kr.indeed.com/rc/clk?jk=9c63fea8a3b83a00&fccid=b1aed4af80df99f2&vjs=3
[카카오페이지] 글로벌 운영 플랫폼 개발자,카카오페이지,성남 분당구,https://kr.indeed.com/rc/clk?jk=56a8fee3f5e20ffc&fccid=feb7ff239e133208&vjs=3
React개발자 (경기 이천),이원정보기술,경기도 이천,https://kr.indeed.com/rc/clk?jk=21aa7ef554c6f9ff&fccid=1952f10afcda63a4&vjs=3
Junior Full-stack Developer,Asiance,서울,https://kr.indeed.com/rc/clk?jk=fb84164a9eed9423&fccid=6b162f15e5951d5d&vjs=3
Cross Border Ecommerce (Korea) - Team Assistant,Shopee,서울,https://kr.indeed.com/rc/clk?jk=ef847388cd119b0b&fccid=0b476c4a7add47fe&vjs=3
React Native Developer,아우름플래닛,서울 마포구,https://kr.indeed.com/rc/clk?jk=59c9ee6a635c251a&fccid=553095a190e81a86&vjs=3
Front-end 모바일앱 개발자 인공지능(AI) 기술개발 전문기업,인공지능(AI) 기술개발 전문기업,경기도,https://kr.indeed.com/rc/clk?jk=3ed50639d6c9ef77&fccid=cfb99cc9339f95bc&vjs=3
"웹/앱 개발 프론트엔드, 백엔드 신입/경력 정규직, 계약직, 인턴 외",스마트 엔지니어링,울산 남구,https://kr.indeed.com/rc/clk?jk=e878c658d7560b2e&fccid=d5deedc8d8333604&vjs=3
채팅모듈 개발자,Nexon,성남 분당구,https://kr.indeed.com/rc/clk?jk=3b752abecf619fe5&fccid=aba87288e4cc3687&vjs=3
2020년 하반기 각 부문 신입/경력,스탠드포인트,서울 금천구,https://kr.indeed.com/rc/clk?jk=158d61f253f65fb4&fccid=03b96985f69a58e5&vjs=3
모바일/웹 개발자 (react/react-native) 경력 정규직,블랍스,서울 강남구,https://kr.indeed.com/rc/clk?jk=849d9fa1e507814e&fccid=7f161a41d9bc8cfc&vjs=3
프론트엔드 개발자,Nexon,성남 분당구,https://kr.indeed.com/rc/clk?jk=ced0218d2bc66392&fccid=aba87288e4cc3687&vjs=3
프론트엔드 개발자,스포카,대한민국,https://kr.indeed.com/rc/clk?jk=b25ed61fb84a5785&fccid=3d02f223a9037178&vjs=3
[카카오커머스] 기술직군,카카오커머스,성남 분당구,https://kr.indeed.com/rc/clk?jk=665e5885dfd75df4&fccid=b1f5de6cae96f6c2&vjs=3
2020 KB데이타시스템 경력직 상시,KB데이타시스템,서울 마포구,https://kr.indeed.com/rc/clk?jk=28fe1c7cb71014dc&fccid=fe227fbd2afb9580&vjs=3
프론트엔드 웹 개발자,펄핏,서울 강남구,https://kr.indeed.com/rc/clk?jk=9ba2af0dadae83c3&fccid=7de729fac59952f3&vjs=3
Front-end Engineer (Javascript),Soomgo,서울 강남구,https://kr.indeed.com/rc/clk?jk=bade80833bbd0926&fccid=f9a401b2af6cde91&vjs=3
(주)우리요 웹 개발자 경력직,우리요,전주 완산구,https://kr.indeed.com/rc/clk?jk=6f34f91a06e07595&fccid=b32458f049187eac&vjs=3
[AI검색플랫폼] 지식그래프 서버 개발자,카카오엔터프라이즈,성남 분당구,https://kr.indeed.com/rc/clk?jk=54c879b1c3b5a377&fccid=e19aa33fc391b310&vjs=3
네이버 O2O서비스 개발자,네이버,서울,https://kr.indeed.com/rc/clk?jk=5d0af321fe085616&fccid=412ff571bced2587&vjs=3
[주식회사 클라모스] React/NodeJS 풀스텍 개발자,클라모스,서울 구로구,https://kr.indeed.com/rc/clk?jk=296f86c6e5693d19&fccid=81b9869efbd36fc8&vjs=3
[네이버파이낸셜] 백엔드 개발자,네이버,서울,https://kr.indeed.com/rc/clk?jk=7f3332da5ecd8696&fccid=412ff571bced2587&vjs=3
[네이버파이낸셜] 프론트엔드 개발자,네이버파이낸셜,성남 분당구,https://kr.indeed.com/rc/clk?jk=5a14075dc623cd24&fccid=27707db6e1b5bf22&vjs=3
디지털 헬스케어 함께 만들어갈 팀원 찾습니다. (프론트엔드 개발자 / 8.23까지),임팩트스테이션,서울 서대문구,https://kr.indeed.com/rc/clk?jk=100d9dc0389794cd&fccid=5d1a4b0623970aa5&vjs=3
웹프론트엔드 개발자,Nexon,성남 분당구,https://kr.indeed.com/rc/clk?jk=f4a5057bd3043129&fccid=aba87288e4cc3687&vjs=3
네이버 인플루언서검색 서비스 Frontend 개발자,네이버,서울,https://kr.indeed.com/rc/clk?jk=b27d6d7582e94f44&fccid=412ff571bced2587&vjs=3
[Clova] Clova AI AiCall 개발자 경력사원,네이버,서울,https://kr.indeed.com/rc/clk?jk=7db25ada717266e0&fccid=412ff571bced2587&vjs=3
네이버 블로그 차세대 시스템 개발을 위한 Frontend 개발자,네이버,서울,https://kr.indeed.com/rc/clk?jk=70d25ed96564d13c&fccid=412ff571bced2587&vjs=3
네이버 쇼핑검색플랫폼 개발자,네이버,서울,https://kr.indeed.com/rc/clk?jk=f3a14b3f8d9e3e12&fccid=412ff571bced2587&vjs=3
"백엔드개발(주니어,시니어), AI연구개발 (각1명, 서울종로 소재 첨단벤처기업)",에이스파트너스서치펌,서울 종로구,https://kr.indeed.com/rc/clk?jk=d030e525251a37e9&fccid=be617507d5c823af&vjs=3
2020년도 경력사원 상시[Android개발],케이티디에스,성남 분당구,https://kr.indeed.com/rc/clk?jk=78e73cf9bf4ba977&fccid=601de6e8c2eec868&vjs=3
웹 서비스 엔지니어 ( 주식정보 제공 시스템 ),에스비씨엔,서울 영등포구,https://kr.indeed.com/rc/clk?jk=92cb75f8d7457374&fccid=7c743c071619900d&vjs=3
사내 서비스 프론트 개발자 모집,엔씨소프트,성남 판교역,https://kr.indeed.com/rc/clk?jk=92265edf7f159c2e&fccid=5a4e4e8f8d52befc&vjs=3
[NAVERxLINE] Global Ad SDK Engineer,네이버,서울,https://kr.indeed.com/rc/clk?jk=e51b53a1e0924c05&fccid=412ff571bced2587&vjs=3
네이버 여행 검색 서비스 개발자,네이버,서울,https://kr.indeed.com/rc/clk?jk=10481ef95f10d2e0&fccid=412ff571bced2587&vjs=3
"나 대표할 서비스 직접 만들고 싶은 React Native 개발자, UI/UX 디자이너 경력직",매드엑스컴퍼니,서울 마포구,https://kr.indeed.com/rc/clk?jk=d629a32eccb7b993&fccid=b6d33d267392de11&vjs=3
[Node.js] Back-end/DBA/Scrapping/Product Designer 경력,주피타카,서울 마포구,https://kr.indeed.com/rc/clk?jk=26c3e201a21ecf6d&fccid=9009bf7b49ca5205&vjs=3
다음 첫화면/뉴스/스포츠/연예/1boon 유저 웹서비스 개발자 (경력),카카오,성남 판교역,https://kr.indeed.com/rc/clk?jk=3bafdba72ed14ee9&fccid=32b9af632cf3b9f9&vjs=3
통신서비스 웹플랫폼 개발자 (사원~과장) 국내최대 모바일 플랫폼 대기업 계열 MVNO 사업자,국내최대 모바일 플랫폼 대기업 계열 MVNO 사업자,서울특별시,https://kr.indeed.com/rc/clk?jk=ddd8999a2890be2f&fccid=794b735ab9bdc8aa&vjs=3
프론트엔드 신입/경력 정규직,더비앤리치,서울 강남구,https://kr.indeed.com/rc/clk?jk=1719fae55fcd371f&fccid=8ed69fbe5e8efa36&vjs=3
[미디어Tech] 백엔드 S/W 엔지니어 경력사원,네이버,서울,https://kr.indeed.com/rc/clk?jk=377b91ccc43bafba&fccid=412ff571bced2587&vjs=3
NXLog리포트팀 - 웹 프로그래머,Nexon,성남 분당구,https://kr.indeed.com/rc/clk?jk=d99e03f875abe7ce&fccid=aba87288e4cc3687&vjs=3
"성장하는 스타트업 개발자 (react-native(1명), node,js(1명))",위솝,서울 마포구,https://kr.indeed.com/rc/clk?jk=7e033557fc4bad91&fccid=17a370bb75419be0&vjs=3
네이버 Article Studio Frontend 개발자,네이버,서울,https://kr.indeed.com/rc/clk?jk=803eda893939af07&fccid=412ff571bced2587&vjs=3
테크센터개발팀 - 웹 프로그래머,Nexon,성남 분당구,https://kr.indeed.com/rc/clk?jk=5f18c149379506cd&fccid=aba87288e4cc3687&vjs=3
[React Native]리엑트 네이티브 앱 프런트 개발자,해커스,서울 강남구,https://kr.indeed.com/rc/clk?jk=087e32c35980d513&fccid=9fcc8dc27a170fd3&vjs=3
네이버 글로벌 UGC 서비스 Frontend 개발자,네이버,서울,https://kr.indeed.com/rc/clk?jk=9fa7862a0dd439be&fccid=412ff571bced2587&vjs=3
올리브 핀테크 함께 일하실 CTO,올리브핀테크,서울 서초구,https://kr.indeed.com/rc/clk?jk=89f3b0bb67aad471&fccid=4a788b2492274905&vjs=3
[해외취업] P종합물류서비스업체 IT개발자 - 아마존/이베이와 일?!,아이씨엔그룹,대한민국,https://kr.indeed.com/rc/clk?jk=9a28c31ad3f1e1b4&fccid=1747ef880c1e67fb&vjs=3
[NAVERxLINE] Global Ad Web/Backend Engineer,네이버,서울,https://kr.indeed.com/rc/clk?jk=a0189433794de62c&fccid=412ff571bced2587&vjs=3
백엔드 개발 정규직 경력사원(5년 이하),포티투마루,서울 관악구,https://kr.indeed.com/rc/clk?jk=e156570e477aea13&fccid=b6cebf2e7d619f07&vjs=3
프론트엔드 개발자 (스마트프런트팀),야놀자,서울 강남구,https://kr.indeed.com/rc/clk?jk=85b633432fdc315d&fccid=73fe623ec23ed0a5&vjs=3
데브옵스개발팀 - 웹 프로그래머,Nexon,성남 분당구,https://kr.indeed.com/rc/clk?jk=c78a3c5d7bb7d883&fccid=aba87288e4cc3687&vjs=3
Wi-Fi Application Engineer,聯發科技,경기도 성남,https://kr.indeed.com/rc/clk?jk=9fde1c27704e722b&fccid=d545b7e05f2306ac&vjs=3
Web Front-End Engineer,레이니스트,서울,https://kr.indeed.com/rc/clk?jk=64730ca8cd0baaec&fccid=9bd463e9d172c9ab&vjs=3
[Clova] 음성인식 엔진/BE/FE 개발 경력사원,네이버,서울,https://kr.indeed.com/rc/clk?jk=b9b6f9cb761d47ac&fccid=412ff571bced2587&vjs=3
테크빌더팀 웹어플리케이션 개발자 (백앤드/프론트앤드),Nexon,성남 분당구,https://kr.indeed.com/rc/clk?jk=9d9f5827c98272c9&fccid=aba87288e4cc3687&vjs=3
"웹/앱 개발자, 프론트엔드, 백엔드 신입/경력 정규직, 계약직, 인턴 외",스마트 엔지니어링,울산 남구,https://kr.indeed.com/rc/clk?jk=81dd668000ce587c&fccid=d5deedc8d8333604&vjs=3
(주)마이플래닛 자사 서비스 함께 개발 할 개발자,마이플래닛,서울 서초구,https://kr.indeed.com/rc/clk?jk=6138f63cd7f088f0&fccid=8572127ea122a9e2&vjs=3
Plant IT Solutions Engineer,Process Systems Enterprise Limited,서울,https://kr.indeed.com/rc/clk?jk=5a9d6ebeb3d697ea&fccid=ac3c7623f776b3c8&vjs=3
UI마크업 개발자(),NHN TOAST,성남 판교역,https://kr.indeed.com/rc/clk?jk=3b9719a191ef0273&fccid=a72ebaf825acf7af&vjs=3
Asst. F&B Manager - Mondrian Itaewon,MONDRIAN,서울,https://kr.indeed.com/rc/clk?jk=010eb017768351b3&fccid=f29122e27935d1e9&vjs=3
네이버 지도 프론트엔드 개발 경력사원,네이버,서울,https://kr.indeed.com/rc/clk?jk=201de59d2a80ffed&fccid=412ff571bced2587&vjs=3
통신서비스 웹플랫폼 개발자 채용 (2명) 국내최대 모바일 플랫폼 대기업 계열사,국내최대 모바일 플랫폼 대기업 계열사,서울특별시,https://kr.indeed.com/rc/clk?jk=549c59fdf5664ee5&fccid=ada1ab1b0ed6c895&vjs=3
'Front-end 개발자',웅진,서울 종로구,https://kr.indeed.com/rc/clk?jk=32cc5e5496872833&fccid=f846833cec1437ee&vjs=3
스포츠/e스포츠/증권 서비스 개발 및 운영,아프리카TV,성남 분당구,https://kr.indeed.com/rc/clk?jk=98ca8d26912792a2&fccid=bc48816053af06b3&vjs=3
Front end 개발자,브릭,성남 분당구,https://kr.indeed.com/rc/clk?jk=cac18e6bcbee5a21&fccid=345c725d1b5063af&vjs=3
Web Front-End Internship,레이니스트,서울,https://kr.indeed.com/rc/clk?jk=977b65eb98aed5f5&fccid=9bd463e9d172c9ab&vjs=3
쓰담 Server Developer,노마드스타,서울 서초구,https://kr.indeed.com/rc/clk?jk=21f32b8f1827025d&fccid=7eb5f4190a03377e&vjs=3
클라이언트 개발자 FrontEnd Developer,에스제이에이치스튜디오,서울 역삼동,https://kr.indeed.com/rc/clk?jk=4889d2814b462d35&fccid=b160cc3e023e1129&vjs=3
Frontend Developer,아우름플래닛,서울 마포구,https://kr.indeed.com/rc/clk?jk=2c424681fddd90dc&fccid=553095a190e81a86&vjs=3
[경력] AMONDZ 개발자 (웹/앱),비주얼,서울,https://kr.indeed.com/rc/clk?jk=35d76f9503cc6ee4&fccid=c3b72728e0f6b04b&vjs=3
디지털 헬스케어 함께 만들어갈 팀원 찾습니다. (백엔드 개발자 / 8.23까지),임팩트스테이션,서울 서대문구,https://kr.indeed.com/rc/clk?jk=333d5d756abfe577&fccid=5d1a4b0623970aa5&vjs=3
CNN Junior Engineer (Contractor),聯發科技,경기도 성남,https://kr.indeed.com/rc/clk?jk=ed1c6fea90e6dd3a&fccid=d545b7e05f2306ac&vjs=3
백엔드 개발자,스파이더랩,서울 강남구,https://kr.indeed.com/rc/clk?jk=c3b9a9aefdf9b877&fccid=56d8e4b08e8e0337&vjs=3
"[인터랙션플랫폼(댓글, 투표, 공감)] 웹 서비스 개발자",카카오,성남 판교역,https://kr.indeed.com/rc/clk?jk=0ca5a9b1ac697fb3&fccid=32b9af632cf3b9f9&vjs=3
프론트엔드 개발 전임연구원-책임연구원,네오랩컨버전스,서울 구로구,https://kr.indeed.com/rc/clk?jk=26508848aef2c10a&fccid=11a9c4ee26c39b8e&vjs=3
React/React Native Developer,캐스트잼,수원 영통구,https://kr.indeed.com/rc/clk?jk=3878fafc4b891091&fccid=83a37705fcfb5c57&vjs=3
여행 좋아하는 주니어 개발자,메리홀리데이,서울 강남구,https://kr.indeed.com/rc/clk?jk=bcb66193e91fee96&fccid=a42311527da9836f&vjs=3
(주)코디얼 서비스사업부 신입/경력,코디얼,서울,https://kr.indeed.com/rc/clk?jk=fd80a3713fae8cf8&fccid=051c0783d7d47574&vjs=3
[B마트] 웹 프론트엔드 개발자,우아한 형제들,서울 송파구,https://kr.indeed.com/rc/clk?jk=47d3d6e60034aab6&fccid=d6ffeb3b4e007b90&vjs=3
왓섭과 함께 성장해 나갈 개발자를 찾습니다.,주식회사 왓섭 관심기업,서울 공덕동,https://kr.indeed.com/rc/clk?jk=1b8cfa9563ba4cc5&fccid=74e447770c6df79c&vjs=3
FrontEnd Developer(프론트앤드) 클라이언트 개발자 경력,에스제이에이치스튜디오,서울 역삼동,https://kr.indeed.com/rc/clk?jk=89a05c7c844b1526&fccid=b160cc3e023e1129&vjs=3
스타트업 웹앱 개발자 - 파트타임,카이스컴퍼니,청주 서원구,https://kr.indeed.com/rc/clk?jk=ed00ab440710abef&fccid=3826c762078cd08c&vjs=3
네이버 지식iN eXpert 서비스 Frontend 개발자,네이버,서울,https://kr.indeed.com/rc/clk?jk=1afdd26a22ea1572&fccid=412ff571bced2587&vjs=3
"MVP 개발 엔지니어(서버, 웹프론트) (정규직, 계약직, 프리랜서)",더테스터,대전 중구,https://kr.indeed.com/rc/clk?jk=1748baa27965fdbf&fccid=948325a69d70601e&vjs=3
프론트앤드 개발자,비스퀘어,성남 분당구,https://kr.indeed.com/rc/clk?jk=2ba5b70f3f9bcc78&fccid=69c44aadac600725&vjs=3
웹디자이너/프런트개발자분 (이커머스 스타트업),더블아이즈,서울 용산구,https://kr.indeed.com/rc/clk?jk=9521fbf0adbf1536&fccid=77cad0bfb49173f9&vjs=3
프론트엔드 파운트 개발자 (현재 급여 이상 보장),파운트,서울 충정로역,https://kr.indeed.com/rc/clk?jk=4a0ddfbfc4a11dd0&fccid=df5e7ec512668ebf&vjs=3
Senior Front-end Developer,Asiance,서울,https://kr.indeed.com/rc/clk?jk=77e0ff362e6ea4e1&fccid=6b162f15e5951d5d&vjs=3
웹퍼블리셔 및 프론트엔드 개발,넥스톰티앤에스,서울 서초구,https://kr.indeed.com/rc/clk?jk=0fe31eb285293e06&fccid=883755387537db7d&vjs=3
배민장부 웹 프론트엔드 개발자,우아한 형제들,서울 송파구,https://kr.indeed.com/rc/clk?jk=dc43d75d2081024d&fccid=d6ffeb3b4e007b90&vjs=3
화상상담서비스 FrontEnd 개발자 모집,알서포트,서울 몽촌토성역,https://kr.indeed.com/rc/clk?jk=de7610028c624641&fccid=1034bf55b977a0d1&vjs=3
[Clova] Conversation Engineering 개발 경력사원,네이버,서울,https://kr.indeed.com/rc/clk?jk=d5ee2d2e500fe023&fccid=412ff571bced2587&vjs=3
Frontend Developer,Toss,서울 강남구,https://kr.indeed.com/rc/clk?jk=f94878ae422944b4&fccid=18c4935c8ec646d5&vjs=3
Frontend Developer (Business),Toss,서울 강남구,https://kr.indeed.com/rc/clk?jk=b43b9725513a46b5&fccid=18c4935c8ec646d5&vjs=3
네이버 글로벌 광고 FE/서버 개발자,네이버,서울,https://kr.indeed.com/rc/clk?jk=5c8a5850fcd359ff&fccid=412ff571bced2587&vjs=3
"드론 데이터 스타트업, 엔젤스윙 엔지니어",엔젤스윙,서울 관악구,https://kr.indeed.com/rc/clk?jk=d017610d9828199c&fccid=f4f62706e6f8a9af&vjs=3
APAAS 플랫폼 개발자 (경력),카카오,성남 판교역,https://kr.indeed.com/rc/clk?jk=31210ffc4b7b3e68&fccid=32b9af632cf3b9f9&vjs=3
카카오 데이터 분석플랫폼 Frontend 개발자,카카오,성남 판교역,https://kr.indeed.com/rc/clk?jk=1b5e69d2f8f10464&fccid=32b9af632cf3b9f9&vjs=3
바이오메디컬 빅데이터 분석연구원,에이치앤비지노믹스 관심기업,울산 언양읍,https://kr.indeed.com/rc/clk?jk=6632c46e51c8002a&fccid=c4e46c856ad6c164&vjs=3
모바일/웹 개발자 정규직,블랍스,서울 강남구,https://kr.indeed.com/rc/clk?jk=4dda305778cf23d4&fccid=7f161a41d9bc8cfc&vjs=3
웹 디자이너 / 서비스 엔지니어 ( PHP 및 웹서비스 개발자 ),에스비씨엔,서울 영등포구,https://kr.indeed.com/rc/clk?jk=109be79a3d9a412a&fccid=7c743c071619900d&vjs=3
"Web 프론트엔드 개발자 (Vue.js) , 대리-과장급",포커스에이치알,서울 강남구,https://kr.indeed.com/rc/clk?jk=b80c22a5d17260f5&fccid=12316240dad7ca81&vjs=3
Cloud 서비스 (Infra as a Service) 개발자 (경력),카카오,성남 판교역,https://kr.indeed.com/rc/clk?jk=449e0f73f32c6c7a&fccid=32b9af632cf3b9f9&vjs=3
어트랙트 프론트엔드 (경력 3년~7년),BM PHR,서울 송파구,https://kr.indeed.com/rc/clk?jk=19ec5cf5716bbeb9&fccid=7cb2a3e8ca0d944f&vjs=3
기술 통해서 문화 만들 수 있는 개발자,옥토칼럼,대한민국,https://kr.indeed.com/rc/clk?jk=60a950bf1781acbb&fccid=d59a46b975f6213d&vjs=3
FE 개발 담당자,고도소프트,서울 구로구,https://kr.indeed.com/rc/clk?jk=4b6ce93048486fde&fccid=f2b5a2a21d1b60eb&vjs=3
배민커넥트 배달플랫폼 프론트엔드 개발자,우아한 형제들,서울 송파구,https://kr.indeed.com/rc/clk?jk=a3aa8c44baea64ca&fccid=d6ffeb3b4e007b90&vjs=3
네이버 메인플랫폼 프론트엔드 개발자,네이버,서울,https://kr.indeed.com/rc/clk?jk=723b7aa9cb5ea28f&fccid=412ff571bced2587&vjs=3
네이버웹툰(주) 서버 개발자(경력) (상시),네이버,서울,https://kr.indeed.com/rc/clk?jk=23e360fe71b44408&fccid=412ff571bced2587&vjs=3
[AI Lab] AI 프론트 엔지니어,버즈니,서울,https://kr.indeed.com/rc/clk?jk=7caa56cbad91b0f3&fccid=a72d6e5a17d52b40&vjs=3
자바(front-end) or (back-end) 경력직,제이앤퍼스트,성남 분당구,https://kr.indeed.com/rc/clk?jk=2d3b37eb38a6dc00&fccid=532a2c5dd84687c3&vjs=3
카카오 재무시스템 개발자,카카오,성남 판교역,https://kr.indeed.com/rc/clk?jk=cf9e98a2da702409&fccid=32b9af632cf3b9f9&vjs=3
Project Manager,CSK Inc.,경기도 용인,https://kr.indeed.com/rc/clk?jk=d04b3f207072c3de&fccid=d34daa3a2ccb4e8b&vjs=3
개발자(백엔드),레이즈지엘에스,서울 서초동,https://kr.indeed.com/rc/clk?jk=e8e60d7b06fd0aa0&fccid=2df813faf0d503c5&vjs=3
[정규직] 그룹웨어 운영/개발 인력,SK 씨앤씨,서울,https://kr.indeed.com/rc/clk?jk=56ea4257c21219d6&fccid=6991c09e6a2880e2&vjs=3
Senior Full-stack Developer,Asiance,서울,https://kr.indeed.com/rc/clk?jk=978edf4ea4db4d6c&fccid=6b162f15e5951d5d&vjs=3
Country Sales (HFB Business) Leader Trainee - IKEA Korea,IKEA,서울,https://kr.indeed.com/rc/clk?jk=209428e148608886&fccid=af17ea0d1d6bbbba&vjs=3
인프라 서비스 플랫폼 개발자,카카오,성남 판교역,https://kr.indeed.com/rc/clk?jk=b4e96a7dcac2f50a&fccid=32b9af632cf3b9f9&vjs=3
[커머스플랫폼(결제)] 개발팀 / 프론트엔드 엔지니어,버즈니,서울,https://kr.indeed.com/rc/clk?jk=adb5743502ddcaad&fccid=a72d6e5a17d52b40&vjs=3
웹개발자(웹프로그래머),인포버스,대구 중구,https://kr.indeed.com/rc/clk?jk=db95ddc975a283e8&fccid=17e83cabc64cb782&vjs=3
[정규직] 제조(Hi-Tech) 생산자동화 시스템 구축,SK 씨앤씨,서울,https://kr.indeed.com/rc/clk?jk=1d3d96c136e62101&fccid=6991c09e6a2880e2&vjs=3
프론트엔드 개발자,자비스넷,서울 금천구,https://kr.indeed.com/rc/clk?jk=ec6b26ff4dab5358&fccid=3c8dc516d6da9aea&vjs=3
[네이버파이낸셜] 프론트엔드 개발자,네이버,서울,https://kr.indeed.com/rc/clk?jk=cd2a3f8e551d609b&fccid=412ff571bced2587&vjs=3
모바일게임 플랫폼 서버 개발자,Nexon,성남 분당구,https://kr.indeed.com/rc/clk?jk=cd88d84c85be0dda&fccid=aba87288e4cc3687&vjs=3
"주식회사 알에스기획 web/app 개발기획, react full stack 개발경력",알에스기획,서울 서대문구,https://kr.indeed.com/rc/clk?jk=e9adeee667db927d&fccid=17b03ec8c0e1d1b7&vjs=3
LIVE서비스 Web Service 개발,아프리카TV,성남 분당구,https://kr.indeed.com/rc/clk?jk=fa9d4a69ad3dfa57&fccid=bc48816053af06b3&vjs=3
[강남] 플랫폼 서비스 운영/개발,투브플러스,서울 강남구,https://kr.indeed.com/rc/clk?jk=9bcffbc3510dc19d&fccid=eb3ade4bec332e93&vjs=3
모바일 개발자,NHN godo,서울 구로구,https://kr.indeed.com/rc/clk?jk=34353aefd372e96f&fccid=a72ebaf825acf7af&vjs=3
PHP 개발자 (신입/경력 정규직),파인드컴,수원 팔달구,https://kr.indeed.com/rc/clk?jk=f11a5d61d33c2335&fccid=9ffc40a73c2a3d68&vjs=3
Web Frontend Software Engineer,하이퍼커넥트,서울,https://kr.indeed.com/rc/clk?jk=e908a30874f3b821&fccid=1914f36515750cd3&vjs=3
"Regional Channel Sales Manager, Korea",Micron,서울,https://kr.indeed.com/rc/clk?jk=892ea574157b0cd0&fccid=be240c643a8631c5&vjs=3
네이버 CONOMI (일본맛집) App 개발자,네이버,서울,https://kr.indeed.com/rc/clk?jk=f74538fee2a1260c&fccid=412ff571bced2587&vjs=3
디지털 헬스케어 서비스 함께 성장시킬 팀원 찾습니다. (백엔드 개발자) [8/9까지 서류접수],임팩트스테이션,서울 홍제동,https://kr.indeed.com/rc/clk?jk=00a2418a5c97e814&fccid=5d1a4b0623970aa5&vjs=3
서울 강남구 인썸니아 시니어 개발자 및 퍼블리셔,인썸니아,서울 서초구,https://kr.indeed.com/rc/clk?jk=6c1d50662fa2d7f7&fccid=71bba75c2a7d79a0&vjs=3
[정규직] SK 하이닉스 G-ERP Web 시스템 운영/구축,SK 씨앤씨,서울,https://kr.indeed.com/rc/clk?jk=513b6811a187371f&fccid=6991c09e6a2880e2&vjs=3
[Search] 검색 엔진 S/W 엔지니어 경력사원,네이버,서울,https://kr.indeed.com/rc/clk?jk=770ef57197572958&fccid=412ff571bced2587&vjs=3
어트랙트 자바 백엔드급 1명/(경력 5년~10년미만),BM PHR,서울 송파구,https://kr.indeed.com/rc/clk?jk=d394d6cab153181f&fccid=7cb2a3e8ca0d944f&vjs=3
Project Manager,Edwards Korea Ltd,충청남도 천안,https://kr.indeed.com/rc/clk?jk=0898e5894019c58f&fccid=5ea45583d6e2743c&vjs=3
[주식회사 탈트 프론트앤드 개발자 ],탈트,서울 강남구,https://kr.indeed.com/rc/clk?jk=38d0fc9e4c2d3018&fccid=bf0c8955d5a37270&vjs=3
해외서비스(일본) 프론트엔드 개발자 (3년 이상),우아한 형제들,서울 송파구,https://kr.indeed.com/rc/clk?jk=0b3d6377c9b40005&fccid=d6ffeb3b4e007b90&vjs=3
[신규] 플랫폼 프론트-엔드 개발자 채용,엔씨소프트,성남 판교역,https://kr.indeed.com/rc/clk?jk=dd31cab4cde514dc&fccid=5a4e4e8f8d52befc&vjs=3
DX혁신부문 Tech Lab Senior Mobile Developer 정규직,이투스교육,서울 강남구,https://kr.indeed.com/rc/clk?jk=cc0e52b317186e78&fccid=b84d68241bed601b&vjs=3
하이브리드 앱 개발자,밋잇챗,서울 역삼동,https://kr.indeed.com/rc/clk?jk=ba68cf9c91dc27c0&fccid=f349ec87ae1ec9c5&vjs=3
Field Service Engineer,Veeco,경기도,https://kr.indeed.com/rc/clk?jk=37b5187b5598b611&fccid=0b051c1080005e4c&vjs=3
[홈쇼핑모아] 검색 개발팀 / 프론트엔드 엔지니어,버즈니,서울,https://kr.indeed.com/rc/clk?jk=c706f305376f5353&fccid=a72d6e5a17d52b40&vjs=3
웹 서비스 개발자(Front-end) 모집,넷마블,서울 구로구,https://kr.indeed.com/rc/clk?jk=5a100f8506fecb43&fccid=e696d83fde5c0f20&vjs=3
웹앱 SDK개발,유저해빗,서울 마포구,https://kr.indeed.com/rc/clk?jk=75d8b69cef5830f2&fccid=95c773635e68072c&vjs=3
모바일 개발자,고도소프트,서울 구로구,https://kr.indeed.com/rc/clk?jk=128739374b729eb8&fccid=f2b5a2a21d1b60eb&vjs=3
데이터플랫폼 개발자 모집,넷마블,서울 구로구,https://kr.indeed.com/rc/clk?jk=025677c2637bef23&fccid=e696d83fde5c0f20&vjs=3
[정규직] SK하이닉스 경영정보시스템 개발/운영 (Web/Mobile/Cloud/RPA),SK 씨앤씨,서울,https://kr.indeed.com/rc/clk?jk=ecbf26a79fda108a&fccid=6991c09e6a2880e2&vjs=3
200만 팔레토 개발사 프론트엔드 개발요원,앤드,서울 구로동,https://kr.indeed.com/rc/clk?jk=103ba7e9cbf251d5&fccid=8b47ff354964fc1b&vjs=3
"""누구나 쉽게 부동산 직거래"" 피터팬 좋은방 구하기 프론트엔드 개발자",두꺼비세상,서울 구로동,https://kr.indeed.com/rc/clk?jk=975259dc9b8525c4&fccid=ea12090191e73594&vjs=3
Full Stack Developer (Internal Products),Toss,서울 강남구,https://kr.indeed.com/rc/clk?jk=bb3b5eb8982f0dc5&fccid=18c4935c8ec646d5&vjs=3
프론트엔드 서비스 개발 및 운영,인터파크홀딩스,서울 강남구,https://kr.indeed.com/rc/clk?jk=e3a6a8ddebfc57e3&fccid=de2c279484adf3b6&vjs=3
여행 좋아하는 경력직(4년 이상) 개발자,메리홀리데이,서울 강남구,https://kr.indeed.com/rc/clk?jk=5352cf066e6ae2cc&fccid=a42311527da9836f&vjs=3
Web Frontend Software Engineering Lead,하이퍼커넥트,서울,https://kr.indeed.com/rc/clk?jk=b9a68bac330bfc5c&fccid=1914f36515750cd3&vjs=3
"UI/UX 디자인팀 경력 (정규직 팀장, 팀원 2명)",루크레이티브,서울 강남구,https://kr.indeed.com/rc/clk?jk=e745be4d0041a9bc&fccid=8723d8e41273477a&vjs=3
배민상회 프론트엔드 개발자,우아한 형제들,서울 송파구,https://kr.indeed.com/rc/clk?jk=be2696246a8e9d1b&fccid=d6ffeb3b4e007b90&vjs=3
[공통기술부문] 공통시스템 개발자,우아한 형제들,서울 송파구,https://kr.indeed.com/rc/clk?jk=b6d6bf5779995798&fccid=d6ffeb3b4e007b90&vjs=3
"[티스토리] Server, Frontend 경력 개발자",카카오,성남 판교역,https://kr.indeed.com/rc/clk?jk=808352f754398ed9&fccid=32b9af632cf3b9f9&vjs=3
[부에노컴퍼니] iOS 개발자 정규직,부에노컴퍼니,창원 진해구,https://kr.indeed.com/rc/clk?jk=e427bc31a4339977&fccid=a63318250a6dc188&vjs=3
"휴먼스케이프 소프트웨어 엔지니어 (Frontend, Backend)",휴먼스케이프,서울 강남구,https://kr.indeed.com/rc/clk?jk=6ccf44be923f7760&fccid=5b1fac47a95e4ab9&vjs=3
Web FrontEnd개발자 모집,알서포트,서울 몽촌토성역,https://kr.indeed.com/rc/clk?jk=325fdeb1c842ea48&fccid=1034bf55b977a0d1&vjs=3
Datacenter Engineer (강원도 춘천 근무),Oracle,서울,https://kr.indeed.com/rc/clk?jk=093f47c6ce49b7a8&fccid=cd22d01053af7669&vjs=3
[배민결제서비스실] 결제서비스 프론트엔드 개발자,우아한 형제들,서울 송파구,https://kr.indeed.com/rc/clk?jk=d37b59bf73486e81&fccid=d6ffeb3b4e007b90&vjs=3
[상암동] [데이터인텔리전스센터] 온라인분석 웹서비스 개발자,윕스,서울 상암동,https://kr.indeed.com/rc/clk?jk=a316698a982470d5&fccid=44b50644a399ef92&vjs=3
디지털 헬스케어 서비스 함께 성장시킬 팀원 찾습니다. (프론트 개발자) [8/9까지 서류접수],임팩트스테이션,서울 홍제동,https://kr.indeed.com/rc/clk?jk=93c3386849a0f714&fccid=5d1a4b0623970aa5&vjs=3
[배민서비스실] 배민서비스 서버 개발자,우아한 형제들,서울 송파구,https://kr.indeed.com/rc/clk?jk=54bfb47d58a5920f&fccid=d6ffeb3b4e007b90&vjs=3
[마곡동] 서비스사업부 신입/경력,코디얼,서울 마곡동,https://kr.indeed.com/rc/clk?jk=e97d2d723525aa0e&fccid=051c0783d7d47574&vjs=3
"S/W 개발 경력자 - (펌웨어, Linux, 안드로이드/아이폰 앱)",헥스하이브,서울 금천구,https://kr.indeed.com/rc/clk?jk=eb20d270d48a59ae&fccid=0235fb349b0f7ca9&vjs=3
[Platform Engineering] Front-end Engineer,네이버,서울,https://kr.indeed.com/rc/clk?jk=6b6393e2dbe12f49&fccid=412ff571bced2587&vjs=3
링크샵스 웹 프론트(Frontend) 개발 및 유지보수 담당,링크샵스,서울 중구,https://kr.indeed.com/rc/clk?jk=decec2d630da2a63&fccid=18e7053874dae63c&vjs=3
"Java Spring 개발자 , 면접비 지급",클라모스,서울 구로구,https://kr.indeed.com/rc/clk?jk=29c738b1f02af63d&fccid=81b9869efbd36fc8&vjs=3
[Anti-Cheat] 플랫폼 엔지니어,PUBG,서울,https://kr.indeed.com/rc/clk?jk=7611894be6d2b8b2&fccid=403118030354e1f2&vjs=3
Office Admin,Success Korea,서울 서소문동,https://kr.indeed.com/rc/clk?jk=5e4a560d596df0b6&fccid=d29ddc820620b02e&vjs=3
Coordinator/Office Manager(Admin),Success Korea,서울 서소문동,https://kr.indeed.com/rc/clk?jk=696d85e1fcf4cc36&fccid=d29ddc820620b02e&vjs=3
[홈쇼핑모아] 개발팀 / 프론트엔드 엔지니어,버즈니,서울,https://kr.indeed.com/rc/clk?jk=257e3da13b7200a8&fccid=a72d6e5a17d52b40&vjs=3
[브랜디] LABs MA팀 iOS / AOS 개발자,브랜디,서울 강남구,https://kr.indeed.com/rc/clk?jk=8dabd26db1906a2b&fccid=2993437959ad6c7a&vjs=3
Solutions Architect - Amazon Chime SDK,Amazon Services Korea LLC,서울,https://kr.indeed.com/rc/clk?jk=995cf2526d10e1c3&fccid=fe2d21eef233e94a&vjs=3
FE개발 담당자,NHN godo,서울 구로구,https://kr.indeed.com/rc/clk?jk=d06efa5b9363b57c&fccid=a72ebaf825acf7af&vjs=3
[홈쇼핑모아] 핵심기능 개발팀 / 프론트엔드 엔지니어,버즈니,서울,https://kr.indeed.com/rc/clk?jk=432ed47675a64d29&fccid=a72d6e5a17d52b40&vjs=3
테크와이드 앱 개발자 경력(정규직),테크와이드,서울 금천구,https://kr.indeed.com/rc/clk?jk=2775c9292a043293&fccid=0ab8183e39d69328&vjs=3
네이버 쇼핑플랫폼 앱 개발자 (Android/iOS),네이버,서울,https://kr.indeed.com/rc/clk?jk=3627159c224e5f4c&fccid=412ff571bced2587&vjs=3
"산업기능요원 전직/보충역 휴먼스케이프 소프트웨어 엔지니어 (Frontend, Backend)",휴먼스케이프,서울 강남구,https://kr.indeed.com/rc/clk?jk=3038b8559c96c24f&fccid=5b1fac47a95e4ab9&vjs=3
[상암동] [데이터인텔리전스센터] 정보화전략팀 개발 부문,윕스,서울 상암동,https://kr.indeed.com/rc/clk?jk=ebc2246125e4f737&fccid=44b50644a399ef92&vjs=3
Frontend Developer (데이터 시각화),Toss,서울 강남구,https://kr.indeed.com/rc/clk?jk=a1094c6e211cfe72&fccid=18c4935c8ec646d5&vjs=3
[Altair Korea / 외국계] Senior Java Developer,알테어엔지니어링,성남 분당구,https://kr.indeed.com/rc/clk?jk=fae5dc738991f4f0&fccid=d362985d6f2baed4&vjs=3
[정규직] Cloud 向 MSA 기반 제조자동화플랫폼 개발 및 고도화 구축,SK 씨앤씨,서울,https://kr.indeed.com/rc/clk?jk=b99e07c16dfdc5e1&fccid=6991c09e6a2880e2&vjs=3
[XTRM] Backend DevOps Engineer,PUBG,서울,https://kr.indeed.com/rc/clk?jk=9f07afb3f576d784&fccid=403118030354e1f2&vjs=3
Pyoshi/Lead Developer 표시 테크놀로지스 개발 리더,표시 테크놀로지스,서울 강남구,https://kr.indeed.com/rc/clk?jk=8cc83c4f9790a0c0&fccid=b5c8473027fbcdb8&vjs=3
[Clova] AI Platform Client 개발자 경력사원 (Android/iOS/Front End),네이버,서울,https://kr.indeed.com/rc/clk?jk=ced619d42c166e8e&fccid=412ff571bced2587&vjs=3
블록체인/인증 플랫폼 연구 및 개발,에스지에이비엘씨,서울 문정동,https://kr.indeed.com/rc/clk?jk=eb491d98b67c8971&fccid=2ece17ed837400b4&vjs=3
Environment Health & Safety Specialist,Success Korea,경기도 안성,https://kr.indeed.com/rc/clk?jk=88507e86dd77bb2f&fccid=d29ddc820620b02e&vjs=3
Demand Planner (3~6y),Success Korea,서울 여의도역,https://kr.indeed.com/rc/clk?jk=38cb05e774fa32fb&fccid=d29ddc820620b02e&vjs=3
[경력] IT 프로덕트 엔지니어 채용,에이치알 코리아,서울,https://kr.indeed.com/rc/clk?jk=16bc8ec3d13bcea1&fccid=fa0c631983acf2f6&vjs=3
업계 상위 연봉 개발직군(iOS/Android/Frontend/Backend) 및 기획직군(PM),에스브이,서울 강남구,https://kr.indeed.com/rc/clk?jk=8539d096f25381e1&fccid=de2a99acddedd572&vjs=3
"Director, Global Indirect Channel Marketing",Success Korea,서울,https://kr.indeed.com/rc/clk?jk=9eced3ca796962f0&fccid=d29ddc820620b02e&vjs=3
"Global Access, Value & Economics , Korea & Taiwan manager",Success Korea,서울 마포구,https://kr.indeed.com/rc/clk?jk=52ad68dcf6d5e675&fccid=d29ddc820620b02e&vjs=3
Software Engineers (Front & Back-end),Swingvy,서울,https://kr.indeed.com/company/Swingvy/jobs/Software-Engineers-c3b844edc6a81f31?fccid=ce77aec570bbb208&vjs=3
프론트엔드 개발자 모집 (REACT),주식회사 더비앤리치,서울 강남구,https://kr.indeed.com/company/%EC%A3%BC%EC%8B%9D%ED%9A%8C%EC%82%AC-%EB%8D%94%EB%B9%84%EC%95%A4%EB%A6%AC%EC%B9%98/jobs/%ED%94%84%EB%A1%A0%ED%8A%B8%EC%97%94%EB%93%9C-%EA%B0%9C%EB%B0%9C%EC%9E%90-99284b88d45d4050?fccid=851168a250149414&vjs=3
[S/W] Frontend Engineer for Mobility,현대자동차그룹,서울,https://kr.indeed.com/rc/clk?jk=6c4b95adbf0ca436&fccid=980d6ecc399a3373&vjs=3
Front-end Engineer,Calm Island,서울,https://kr.indeed.com/rc/clk?jk=cbe20f6ff89e01d8&fccid=a9531c5e159ea52f&vjs=3
Junior Front-End Developer,Asiance,서울,https://kr.indeed.com/rc/clk?jk=26d97d1036bb1636&fccid=6b162f15e5951d5d&vjs=3
Front-end Software Engineer,Bear Robotics,서울,https://kr.indeed.com/rc/clk?jk=d90d480960387a85&fccid=d7230dda285fd6ea&vjs=3
React Native Developer,"Miso, inc",서울,https://kr.indeed.com/rc/clk?jk=315c65b8337d3e7a&fccid=c7bb994bc724ab18&vjs=3
VDI (VMware)/서버가상화 구축,"컨설팅 기반으로 소프트웨어 개발에 강점이며 주고객은 SKTelecom , SKPlanet...",서울 서초구,"https://kr.indeed.com/company/%EC%BB%A8%EC%84%A4%ED%8C%85-%EA%B8%B0%EB%B0%98%EC%9C%BC%EB%A1%9C-%EC%86%8C%ED%94%84%ED%8A%B8%EC%9B%A8%EC%96%B4-%EA%B0%9C%EB%B0%9C%EC%97%90-%EA%B0%95%EC%A0%90%EC%9D%B4%EB%A9%B0-%EC%A3%BC%EA%B3%A0%EA%B0%9D%EC%9D%80-SKTelecom-,-SKPlanet-,-SK-C&C-,-SkInforsec,-%ED%98%84%EB%8C%80%EC%83%81%EC%84%A0-%EB%93%B1%EC%9E%85%EB%8B%88%EB%8B%A4/jobs/-87ed972d5999b5ed?fccid=81ade46e23e58955&vjs=3"
웹프론트엔드 개발자,Feelway,서울,https://kr.indeed.com/rc/clk?jk=5ce2a2f233b49d3c&fccid=01b9ffa90acc5e30&vjs=3
Development (Front-End),Nearthlab,서울,https://kr.indeed.com/rc/clk?jk=e839e2e757e5c03a&fccid=8d8a691a5d23f2d7&vjs=3
웹 및 응용프로그램 개발자 부산 해운대 근무,직원수 60명 / 600억 매출의 인터넷방송기업,부산 해운대구,https://kr.indeed.com/rc/clk?cmp=%EC%A7%81%EC%9B%90%EC%88%98-60%EB%AA%85-%2F-600%EC%96%B5-%EB%A7%A4%EC%B6%9C%EC%9D%98-%EC%9D%B8%ED%84%B0%EB%84%B7%EB%B0%A9%EC%86%A1%EA%B8%B0%EC%97%85&ti=&jk=3c65987d04bd0387&fccid=0b7799ca013ddae8&vjs=3
Front-end Developer,"Miso, inc",서울,https://kr.indeed.com/rc/clk?jk=9f7d7cbe5e172a01&fccid=c7bb994bc724ab18&vjs=3
Back-end Developer,"Miso, inc",서울,https://kr.indeed.com/rc/clk?jk=80d3108dade97b0f&fccid=c7bb994bc724ab18&vjs=3
Data Analyst,"Miso, inc",서울,https://kr.indeed.com/rc/clk?jk=4a94f2401f999ab6&fccid=c7bb994bc724ab18&vjs=3
Full Stack Developer,"Miso, inc",서울,https://kr.indeed.com/rc/clk?jk=754348a9c3f08d66&fccid=c7bb994bc724ab18&vjs=3
Solutions Engineer - APAC,Sendbird,서울,https://kr.indeed.com/rc/clk?jk=4681685538f217fb&fccid=9ba9500ecf2596c5&vjs=3
React Native Mobile App Developer,Success Korea,서울 역삼역,https://kr.indeed.com/rc/clk?jk=fbcc82a49f563c0b&fccid=d29ddc820620b02e&vjs=3
Software Development Manager,Vigor Systems Inc,경기도,https://kr.indeed.com/rc/clk?jk=6b636fd27b24116b&fccid=b0ce1718c6246d46&vjs=3
VP of Engineering,"Miso, inc",서울,https://kr.indeed.com/rc/clk?jk=f5db97b4d95cbc04&fccid=c7bb994bc724ab18&vjs=3
프론트개발자(경력),이롭게,서울특별시,https://kr.indeed.com/rc/clk?jk=070a27ffadd76018&fccid=ebd2ee3ef127e901&vjs=3
"Senior, Software Engineer (Product Engineering Eats)",Coupang,서울,https://kr.indeed.com/rc/clk?jk=dc997aad6d8d1a26&fccid=56e12959d04ef145&vjs=3
Front-end Engineer (Supplier Hub),Coupang,서울,https://kr.indeed.com/rc/clk?jk=201090f7bd8e90ee&fccid=56e12959d04ef145&vjs=3
React Native 개발자,교육용 모바일앱 개발 및 서비스,서울,https://kr.indeed.com/rc/clk?jk=b1ba89168a019ca7&fccid=528976f8d4ccc99a&vjs=3
Business Analyst (Search and Discovery Analytics),Coupang,서울,https://kr.indeed.com/rc/clk?jk=8d0b3a79363b5a69&fccid=56e12959d04ef145&vjs=3
Front End Software Engineer,Sendbird,서울,https://kr.indeed.com/rc/clk?jk=dd53033e00a26897&fccid=9ba9500ecf2596c5&vjs=3
Sales Engineer,Sendbird,서울,https://kr.indeed.com/rc/clk?jk=e38f22d6852a857a&fccid=9ba9500ecf2596c5&vjs=3
웹 개발 담당,에이치알 코리아,대한민국,https://kr.indeed.com/rc/clk?jk=20e216fffb391249&fccid=fa0c631983acf2f6&vjs=3
JavaScript Engineer,Success Korea,서울 서초구,https://kr.indeed.com/rc/clk?jk=442ef84d58399a05&fccid=d29ddc820620b02e&vjs=3
Front-end 개발자,교육용 모바일앱 개발 및 서비스,서울,https://kr.indeed.com/rc/clk?jk=5588f78f3b93850a&fccid=528976f8d4ccc99a&vjs=3
Analytics Platform 개발(Front-End),Success Korea,성남 분당구,https://kr.indeed.com/rc/clk?jk=c21e54e046d82961&fccid=d29ddc820620b02e&vjs=3
프론트엔드 개발자 - Game Dev본부,PUBG,서울,https://kr.indeed.com/rc/clk?jk=1da98612784a1958&fccid=403118030354e1f2&vjs=3
시니어 프론드엔드 개발자,금융관련 종합정보 서비스,서울 구로구,https://kr.indeed.com/rc/clk?jk=f7616fbbc57eb449&fccid=13c8e2b3706fd73d&vjs=3
Frontend 개발자(과장~차장급),TV홈쇼핑,성남 판교역,https://kr.indeed.com/rc/clk?jk=7e0e165129610899&fccid=64dbf893209da138&vjs=3
Web Front-end 개발,Success Korea,대한민국,https://kr.indeed.com/rc/clk?jk=9633909c418032df&fccid=d29ddc820620b02e&vjs=3
프론트엔드 개발자,패션영상플랫폼,서울,https://kr.indeed.com/rc/clk?jk=3dece348eb0969b2&fccid=81cffdacd6fd9187&vjs=3
"개발 담당 대리, 과장, 차장급",에이치알 코리아,대한민국,https://kr.indeed.com/rc/clk?jk=0d08eb8f3c42988a&fccid=fa0c631983acf2f6&vjs=3
풀스택 개발자,유튜브 플랫폼,서울 강남구,https://kr.indeed.com/rc/clk?jk=4247f37d85ea0a94&fccid=142cba64599ed59a&vjs=3
Software Engineer(node.js),Success Korea,서울,https://kr.indeed.com/rc/clk?jk=dbc98b8abd652000&fccid=d29ddc820620b02e&vjs=3
베트남 (담당) 개발자,Success Korea,서울 송파구,https://kr.indeed.com/rc/clk?jk=fc5658e8fbc6078b&fccid=d29ddc820620b02e&vjs=3
"Principal, Software Development Manager (Coupang Eats)",Coupang,서울,https://kr.indeed.com/rc/clk?jk=ceafcf9d65611ae9&fccid=56e12959d04ef145&vjs=3
Front-end Developer(시니어 매니저),Success Korea,서울 역삼역,https://kr.indeed.com/rc/clk?jk=667e2079af22cb4b&fccid=d29ddc820620b02e&vjs=3
Front-end 개발,Success Korea,서울,https://kr.indeed.com/rc/clk?jk=06dedcab0be92fe4&fccid=d29ddc820620b02e&vjs=3
Front End 개발자 중급,SW개발전문회사,서울 목동,https://kr.indeed.com/rc/clk?jk=952cc0fe933a6100&fccid=c65562e8b08355c6&vjs=3
E-Commerce 플랫폼팀 IT 운영 (Front),Success Korea,서울 청담동,https://kr.indeed.com/rc/clk?jk=144f5e5fa5db29b6&fccid=d29ddc820620b02e&vjs=3
웹 개발자 및 클라우드 서비스 개발자,SW개발전문회사,서울 마포구,https://kr.indeed.com/rc/clk?jk=2b87d631b7375db3&fccid=c65562e8b08355c6&vjs=3
Frontend,리테일-테크회사,서울 강남구,https://kr.indeed.com/rc/clk?jk=f9d2781019dd50b9&fccid=2f711fe09cf37128&vjs=3
게임서버 개발,Success Korea,성남 분당구,https://kr.indeed.com/rc/clk?jk=18647b6687b43e04&fccid=d29ddc820620b02e&vjs=3
웹 개발,Success Korea,성남 중원구,https://kr.indeed.com/rc/clk?jk=a18c6b711f66e343&fccid=d29ddc820620b02e&vjs=3
소프트웨어 개발 PM,SW개발전문회사,서울 목동,https://kr.indeed.com/rc/clk?jk=bfdb6d14b38319a1&fccid=c65562e8b08355c6&vjs=3
Web Front_End개발자,Success Korea,서울 송파구,https://kr.indeed.com/rc/clk?jk=571337754ca4ca90&fccid=d29ddc820620b02e&vjs=3
Front-end Web Engineer,Success Korea,서울 서초구,https://kr.indeed.com/rc/clk?jk=7a9350f08ce7178f&fccid=d29ddc820620b02e&vjs=3
"Principal, Business Analysis (Coupang Eats)",Coupang,서울,https://kr.indeed.com/rc/clk?jk=2cca42ee0951d4be&fccid=56e12959d04ef145&vjs=3
디지털마케팅본부 디지털 BA팀장,국내자본 저축은행,서울 구로구,https://kr.indeed.com/rc/clk?jk=a0c163a746ae785b&fccid=b8ffa8936fc04868&vjs=3
Client 개발 - 니드포스피드 엣지,Success Korea,서울,https://kr.indeed.com/rc/clk?jk=b8e031905be75462&fccid=d29ddc820620b02e&vjs=3
웹개발(Front-End),Success Korea,서울,https://kr.indeed.com/rc/clk?jk=54c76fb09e32bb1c&fccid=d29ddc820620b02e&vjs=3
Front End 개발자,SW개발전문회사,서울 마포구,https://kr.indeed.com/rc/clk?jk=ad8cc3afdfee5941&fccid=c65562e8b08355c6&vjs=3
"IT 개발, 운영",Success Korea,성남 분당구,https://kr.indeed.com/rc/clk?jk=3373162076a59a48&fccid=d29ddc820620b02e&vjs=3
"클라우드 서비스 개발자 중급(IaaS, PaaS)",SW개발전문회사,서울 마포구,https://kr.indeed.com/rc/clk?jk=785844821918d4ac&fccid=c65562e8b08355c6&vjs=3
웹개발 (Frontend),Success Korea,서울,https://kr.indeed.com/rc/clk?jk=9a76fa74834273e3&fccid=d29ddc820620b02e&vjs=3
Global Service FE/Server 개발,Success Korea,서울,https://kr.indeed.com/rc/clk?jk=96febf0f8f9eb215&fccid=d29ddc820620b02e&vjs=3
프론트엔드 개발자,수요자 중심의 부동산중개 플랫폼,서울,https://kr.indeed.com/rc/clk?jk=1e65c5dc2d8c87d9&fccid=712d268a42539a18&vjs=3
시니어 백엔드 개발자,수요자 중심의 부동산중개 플랫폼,서울,https://kr.indeed.com/rc/clk?jk=7f451e56f0389f1c&fccid=712d268a42539a18&vjs=3
[ASAP] Web FrontEnd개발자,Success Korea,서울 송파구,https://kr.indeed.com/rc/clk?jk=224b7ca2b6dc5928&fccid=d29ddc820620b02e&vjs=3
JavaScript 엔지니어,Success Korea,성남 판교역,https://kr.indeed.com/rc/clk?jk=bf6f82c390de0783&fccid=d29ddc820620b02e&vjs=3
웹개발자(1년계약직),휴맥스 계열 IT솔루션 기업,성남 분당구,https://kr.indeed.com/rc/clk?jk=11e15d6aba370dfa&fccid=9b47c2c60787f26d&vjs=3
Front-End 개발자 (2명),Success Korea,서울 강남구,https://kr.indeed.com/rc/clk?jk=5278592df838d63b&fccid=d29ddc820620b02e&vjs=3
[URGENT]Front-end 엔지니어,Success Korea,서울 선릉역,https://kr.indeed.com/rc/clk?jk=12712895ee36e47f&fccid=d29ddc820620b02e&vjs=3
웹 프론트엔드 시니어 개발자_5년이상,Success Korea,서울 송파구,https://kr.indeed.com/rc/clk?jk=904b964fabbe1fd3&fccid=d29ddc820620b02e&vjs=3
Web App개발자,Success Korea,성남 판교역,https://kr.indeed.com/rc/clk?jk=1bf66ce52ef9b200&fccid=d29ddc820620b02e&vjs=3
Front-end 개발자,푸드테크서비스,서울,https://kr.indeed.com/rc/clk?jk=07990c44daa19b02&fccid=3e142f531e48ce34&vjs=3
Front-end 개발자,"e스포츠.포털,커뮤니티",서울,https://kr.indeed.com/rc/clk?jk=af232316c73a61c1&fccid=6d87872643a0f989&vjs=3
Web Front-end 개발 (3년이상),Success Korea,서울,https://kr.indeed.com/rc/clk?jk=a5c53e65537b962a&fccid=d29ddc820620b02e&vjs=3
프론트엔드 개발자,동영상편집기 앱,서울,https://kr.indeed.com/rc/clk?jk=444279a69079b69b&fccid=256e298e593e3266&vjs=3
Client Software Engineer - NFS (FE 엔지니어),Success Korea,서울 강남구,https://kr.indeed.com/rc/clk?jk=b1080969a9f1927e&fccid=d29ddc820620b02e&vjs=3
Back-end Developer(시니어 매니저),Success Korea,서울 역삼역,https://kr.indeed.com/rc/clk?jk=d68cc6e19685bb57&fccid=d29ddc820620b02e&vjs=3
블록체인거래소 IT 개발자채용,블록체인거래소,서울 강남구,https://kr.indeed.com/rc/clk?jk=ea33f7dc1590dc97&fccid=dc5a1b8014c14f65&vjs=3
Frontend,유명메신저회사,서울 강남구,https://kr.indeed.com/rc/clk?jk=7b953b7746669935&fccid=86148274d7d5322d&vjs=3
E-Coin 플랫폼 개발(대리~과장급),Success Korea,서울 이수역,https://kr.indeed.com/rc/clk?jk=36a46caaa8576b94&fccid=d29ddc820620b02e&vjs=3
Frontend Data Service Developer,Success Korea,서울,https://kr.indeed.com/rc/clk?jk=01a6d54ba67fbfcf&fccid=d29ddc820620b02e&vjs=3
Front-end 개발,"모바일식권, 기업 식대관리 솔루션",서울 강남구,https://kr.indeed.com/rc/clk?jk=0d5ed808a0f35351&fccid=291c40cc88cda395&vjs=3
UI,Success Korea,서울 선릉역,https://kr.indeed.com/rc/clk?jk=7d2ff133f7e2ceef&fccid=d29ddc820620b02e&vjs=3
클라이언트개발(사원~과장급),Success Korea,서울 가산디지털단지역,https://kr.indeed.com/rc/clk?jk=1686d7a419c580ab&fccid=d29ddc820620b02e&vjs=3
클라이언트개발 엔지니어-typescript/webpack (사원~대리),Success Korea,서울 가산디지털단지역,https://kr.indeed.com/rc/clk?jk=7fcc90ef5f9b02b0&fccid=d29ddc820620b02e&vjs=3
[신규사업실] 모바일 개발 (Android / iOS)개발자,Success Korea,서울,https://kr.indeed.com/rc/clk?jk=8a49037c241a8b32&fccid=d29ddc820620b02e&vjs=3
Java개발자.시니어급,온라인결제,서울,https://kr.indeed.com/rc/clk?jk=b255530651a0d66d&fccid=752d1d443669fcaa&vjs=3
커머스 FE/서버 개발(e-commerce full-stack developer),Success Korea,서울 이태원역,https://kr.indeed.com/rc/clk?jk=9d008f81b839cfa7&fccid=d29ddc820620b02e&vjs=3
"[전화영어 1위 민병철유폰] 프론트엔드 개발자 (경력 3년 이상, React.js 경험)",㈜민병철교육그룹,서울 강남구,http://www.jobkorea.co.kr/Recruit/GI_Read/32417096?Oem_Code=C1&logpath=1
[WEB] React FrontEnd 개발자,한국정보공학,경기 성남시,http://www.jobkorea.co.kr/Recruit/GI_Read/32322068?Oem_Code=C1&logpath=1
"강동역 삼성 모바일 플랫폼 화면 개발 Java, React, Springboot 경험자를 모집 합니다. (s03)",행복추구 패러다임㈜kcms,서울 강동구,http://www.jobkorea.co.kr/Recruit/GI_Read/32469093?Oem_Code=C1&logpath=1
"기흥 삼성전자 반도체 학사관리시스템 개발 Java, Vue.JS (Angular.JS, React.JS 가능) 경험자를 모집 합니다. (s02)",행복추구 패러다임㈜kcms,경기 용인시,http://www.jobkorea.co.kr/Recruit/GI_Read/32468769?Oem_Code=C1&logpath=1
이천 하이닉스 Front-End 개발 React 분석/설계/개발 경험자를 모집 합니다. (k10),㈜케이씨엠에스,경기 이천시,http://www.jobkorea.co.kr/Recruit/GI_Read/32466785?Oem_Code=C1&logpath=1
[이천 반도체/등급무관] react or vue.js 개발자 모집,㈜혜성정보기술,서울 금천구 외,http://www.jobkorea.co.kr/Recruit/GI_Read/32466740?Oem_Code=C1&logpath=1
"강동역 모바일 플랫폼 화면 개발 React, Springboot 경험자를 모집 합니다. (s01)",행복추구 패러다임㈜kcms,서울 강동구,http://www.jobkorea.co.kr/Recruit/GI_Read/32463632?Oem_Code=C1&logpath=1
"[초긴급,,,, Vue.JS  또는 React.JS  또는 Angular.JS  -  기흥 ]",㈜아이티사람들,경기 용인시,http://www.jobkorea.co.kr/Recruit/GI_Read/32463620?Oem_Code=C1&logpath=1
"마곡 LG유플러스 홈서비스플랫폼 구축 UI, 공통모듈(분석/설계) Vue.Js, React 개발 경험자를 모집 합니다. (s00)",행복추구 패러다임㈜kcme,서울 강서구,http://www.jobkorea.co.kr/Recruit/GI_Read/32461660?Oem_Code=C1&logpath=1
"[JAVA] 모바일시스템 프론트개발, Vue.Js/Angular.js/React.js, 중급, 삼성역 근처, 즉시(협의가능)-4개월..(1)",㈜제이투이,서울 성동구 외,http://www.jobkorea.co.kr/Recruit/GI_Read/32460411?Oem_Code=C1&logpath=1
"[JAVA SI] 프론트 개발(UI/UX), React Boot strap, 중급, 마곡, 즉시(협의가능)-5개월..(1)",㈜제이투이,서울 성동구 외,http://www.jobkorea.co.kr/Recruit/GI_Read/32460263?Oem_Code=C1&logpath=1
"[ 초긴급,,, React.js/Springboot경력자 - 강동역 ]",㈜아이티사람들,서울 강동구,http://www.jobkorea.co.kr/Recruit/GI_Read/32458648?Oem_Code=C1&logpath=1
"[이천] 반도체 java react 설계,분석 과제",㈜디지토피아,서울 금천구 외,http://www.jobkorea.co.kr/Recruit/GI_Read/32452646?Oem_Code=C1&logpath=1
웹/앱 개발자 (React) 모집,㈜리모,서울 송파구,http://www.jobkorea.co.kr/Recruit/GI_Read/32446108?Oem_Code=C1&logpath=1
[이퓨전아이/웹에이전시] React 개발자 모십니다.,㈜이퓨전아이,서울 강남구,http://www.jobkorea.co.kr/Recruit/GI_Read/32444292?Oem_Code=C1&logpath=1
프론트엔드(react native) 개발자 모집,마이매니저,서울 금천구 외,http://www.jobkorea.co.kr/Recruit/GI_Read/32444087?Oem_Code=C1&logpath=1
[서울/상일동] Nexacro / JAVA / React / SpringBoot 개발자 모집,㈜아이엘포유,서울 서초구 외,http://www.jobkorea.co.kr/Recruit/GI_Read/32424141?Oem_Code=C1&logpath=1
React (9월1일/12월말/반포/고급) 프로그래머를 모십니다.,㈜에이치와이소프트,서울 서초구,http://www.jobkorea.co.kr/Recruit/GI_Read/32423539?Oem_Code=C1&logpath=1
[이천] SK하이닉스 JAVA 운영 1명(react 유경험자 우대),㈜씨엔씨네트웍스,서울 구로구 외,http://www.jobkorea.co.kr/Recruit/GI_Read/32420772?Oem_Code=C1&logpath=1
React (또는 Vue.JS) 개발경력자를 모집합니다,아이티엠커뮤니케이션㈜,서울 서초구,http://www.jobkorea.co.kr/Recruit/GI_Read/32419650?Oem_Code=C1&logpath=1
종로5가 React.Js 프론트엔드 개발 ( 중급 고급 자바개발자 ) 즉시 연말까지,푸른IT,서울 종로구,http://www.jobkorea.co.kr/Recruit/GI_Read/32390100?Oem_Code=C1&logpath=1
"[카카오자회사] FE개발(vue, react) 경력 채용 (판교 근무)",디케이테크인,경기 성남시,http://www.jobkorea.co.kr/Recruit/GI_Read/32384266?Oem_Code=C1&logpath=1
Front-end Developer(React.js / Redux) 모집,㈜스냅스,서울 영등포구,http://www.jobkorea.co.kr/Recruit/GI_Read/32288685?Oem_Code=C1&logpath=1
"nodejs, react, 안드로이드, 자바스크립트 개발자 경력직 채용",㈜뉴코애드윈드,광주 광산구,http://www.jobkorea.co.kr/Recruit/GI_Read/32278045?Oem_Code=C1&logpath=1
프론트엔드 개발자 모집합니다.(React.js/Angular.js/Vue.js),㈜이원정보기술,경기 이천시,http://www.jobkorea.co.kr/Recruit/GI_Read/32266329?Oem_Code=C1&logpath=1
앱 개발자[React Native] 채용,㈜건설인이인정받는사회,서울 강서구 외,http://www.jobkorea.co.kr/Recruit/GI_Read/32256020?Oem_Code=C1&logpath=1
[가산/영등포] 웹 퍼블리셔 React 경력자 채용 (front UI/UX개발),㈜제이엠피코리아,서울 전지역 외,http://www.jobkorea.co.kr/Recruit/GI_Read/32153506?Oem_Code=C1&logpath=1
[나무뉴스] React 웹/모바일 개발자,나무뉴스코리아유한책임회사,서울 금천구,http://www.jobkorea.co.kr/Recruit/GI_Read/32125090?Oem_Code=C1&logpath=1
"react, react-native 개발자 모집공고",금방,서울 종로구,http://www.jobkorea.co.kr/Recruit/GI_Read/32099161?Oem_Code=C1&logpath=1
"나를 대표할 서비스를 직접 만들고 싶은 React Native 개발자, UI/UX 디자이너 경력직 채용",㈜매드엑스컴퍼니,서울 마포구,http://www.jobkorea.co.kr/Recruit/GI_Read/32031594?Oem_Code=C1&logpath=1
React.js 개발자를 모집 합니다.,제이케이 데이터 시스템즈,서울 영등포구,http://www.jobkorea.co.kr/Recruit/GI_Read/31892113?Oem_Code=C1&logpath=1
"[즉시] 대기업 시스템 개발 업무 - 디자인, 퍼블리싱, React  (이천,중급)",인텍시스,서울 구로구 외,http://www.jobkorea.co.kr/Recruit/GI_Read/32463989?Oem_Code=C1&logpath=1
웹 프론트(React) 개발자 모집,비지피웍스,서울 성동구,http://www.jobkorea.co.kr/Recruit/GI_Read/32461557?Oem_Code=C1&logpath=1
React / React Native / JavaScript 개발 경력직 채용,㈜블록오디세이,서울 전지역 외,http://www.jobkorea.co.kr/Recruit/GI_Read/32460798?Oem_Code=C1&logpath=1
[개발팀] 웹/모바일 앱개발능력을 지닌 우수한 React 프론트엔드 개발자 채용,직스엔닥스,서울 송파구,http://www.jobkorea.co.kr/Recruit/GI_Read/32456896?Oem_Code=C1&logpath=1
"[종각역]Java,React,Typescript,고급2명,즉시부터12월말이후연장",㈜에스메이트,서울 금천구,http://www.jobkorea.co.kr/Recruit/GI_Read/32455331?Oem_Code=C1&logpath=1
"[잠실역]Java,Javascript,react,MES경험자선호,초급2명,8.25부터6개월단위",㈜에스메이트,서울 금천구,http://www.jobkorea.co.kr/Recruit/GI_Read/32453924?Oem_Code=C1&logpath=1
"건설사 시스템 개발-Jquery,Tibero or Nexacro or React,Springboot",씨투엠정보기술㈜,서울 강동구,http://www.jobkorea.co.kr/Recruit/GI_Read/32444059?Oem_Code=C1&logpath=1
"React js, AWS, IoT외 1개 부문 개발자 채용 - 정규직&계약직",카이스컴퍼니,충북 청주시,http://www.jobkorea.co.kr/Recruit/GI_Read/32443322?Oem_Code=C1&logpath=1
"Java-Spring, Gradle, React.JS 단기 프로젝트(2개월) 모십니다.",이엑스마루,서울 금천구,http://www.jobkorea.co.kr/Recruit/GI_Read/32431266?Oem_Code=C1&logpath=1
[퍼블리시] React native 앱개발자 채용,퍼블리시㈜,서울 영등포구,http://www.jobkorea.co.kr/Recruit/GI_Read/32421725?Oem_Code=C1&logpath=1
코드베르그 Front-end 개발 부문 모집 (React),㈜코드베르그,서울 서초구,http://www.jobkorea.co.kr/Recruit/GI_Read/32419789?Oem_Code=C1&logpath=1
[경력] 주얼리 커머스 node &react 웹 개발자 채용,㈜비주얼,서울 서초구 외,http://www.jobkorea.co.kr/Recruit/GI_Read/32416763?Oem_Code=C1&logpath=1
"[웹개발] 웹 개발자 모십니다(html, css, javascript,  typescript,SASS, Bootstrap,React, ReactNative)",빔인터랙티브,서울 강남구,http://www.jobkorea.co.kr/Recruit/GI_Read/32389905?Oem_Code=C1&logpath=1
신사업 React/NodeJS 풀스택 경력 개발자,㈜리로소프트,서울 송파구,http://www.jobkorea.co.kr/Recruit/GI_Read/32387111?Oem_Code=C1&logpath=1
프론트 웹개발자(React/Next.JS/TypeScript/Material-UI) 분을 모십니다.,헬로비즈,서울 종로구,http://www.jobkorea.co.kr/Recruit/GI_Read/32370482?Oem_Code=C1&logpath=1
"react, nodejs 개발 경험자를 찾습니다.",㈜이지시스템,서울 금천구,http://www.jobkorea.co.kr/Recruit/GI_Read/32368580?Oem_Code=C1&logpath=1
"JAVA Web, SI 팀원 React-native APP 개발자 모십니다.",화려한덕후들㈜,서울 금천구 외,http://www.jobkorea.co.kr/Recruit/GI_Read/32362863?Oem_Code=C1&logpath=1
"[판교 스타트업] 프론트엔드 웹, 앱 개발자 채용(React)",타우니,경기 성남시,http://www.jobkorea.co.kr/Recruit/GI_Read/32358379?Oem_Code=C1&logpath=1
프론트엔드 개발자 모집 (React),넥스트이노베이션,서울 마포구 외,http://www.jobkorea.co.kr/Recruit/GI_Read/32343509?Oem_Code=C1&logpath=1
"[여의도] 공공/금융 JAVA, REACT 개발자  모집",㈜이에스피시스템즈,서울 영등포구,http://www.jobkorea.co.kr/Recruit/GI_Read/32326591?Oem_Code=C1&logpath=1
CMS 시스템 프론트엔드 개발(React/4개월),㈜나우티앤에스,서울 구로구,http://www.jobkorea.co.kr/Recruit/GI_Read/32309558?Oem_Code=C1&logpath=1
"S전자 Frontend(vue, react, node).js 개발 경험자 모집공고",㈜디지털플러스시스템,서울 영등포구 외,http://www.jobkorea.co.kr/Recruit/GI_Read/32306083?Oem_Code=C1&logpath=1
스트리미 프론트엔드 엔지니어(React) - 잠실역,스트리미,서울 송파구,http://www.jobkorea.co.kr/Recruit/GI_Read/32301955?Oem_Code=C1&logpath=1
(주)팀엘리시움 주 4일 30시간 근무제 웹 개발자(React) 채용,팀엘리시움,서울 서초구,http://www.jobkorea.co.kr/Recruit/GI_Read/32296521?Oem_Code=C1&logpath=1
[하루6시간] Java/React 웹 개발자 채용,마르코,서울 마포구 외,http://www.jobkorea.co.kr/Recruit/GI_Read/32278243?Oem_Code=C1&logpath=1
[React Native] 하이브리드 앱개발자 (경력직)채용,아일랩,서울 강남구,http://www.jobkorea.co.kr/Recruit/GI_Read/32277237?Oem_Code=C1&logpath=1
React/React-Native 웹/앱 개발 경력자 모집,스마트 엔지니어링,울산 남구,http://www.jobkorea.co.kr/Recruit/GI_Read/32272641?Oem_Code=C1&logpath=1
"React-Native, Windows 프로그램 개발 경험 인재 구합니다",㈜유디테크,서울 구로구,http://www.jobkorea.co.kr/Recruit/GI_Read/32267745?Oem_Code=C1&logpath=1
모바일 앱 개발자 모집(react-native),유핏,서울 강남구,http://www.jobkorea.co.kr/Recruit/GI_Read/32264748?Oem_Code=C1&logpath=1
"웹개발자 Front-end 채용 React, React-Native",주식회사 노라 (NORA),경기 성남시,http://www.jobkorea.co.kr/Recruit/GI_Read/32262710?Oem_Code=C1&logpath=1
[신입/경력]PHP & React 네이티브 개발자 모십니다.,좋은생각,서울 강남구,http://www.jobkorea.co.kr/Recruit/GI_Read/32218814?Oem_Code=C1&logpath=1
"프론트엔드 개발 (React, Angular)",엠비아이솔루션,서울 마포구,http://www.jobkorea.co.kr/Recruit/GI_Read/32217202?Oem_Code=C1&logpath=1
"소프트웨어 개발자 모집 (React 프론트엔드, Django 백엔드, AI개발자)",세이프모션,광주 동구 외,http://www.jobkorea.co.kr/Recruit/GI_Read/32211847?Oem_Code=C1&logpath=1
웹프론트엔드 개발자(React),㈜유탑소프트,경기 성남시,http://www.jobkorea.co.kr/Recruit/GI_Read/32182441?Oem_Code=C1&logpath=1
React.js 개발자 채용,헤이드컴퍼,서울 강남구,http://www.jobkorea.co.kr/Recruit/GI_Read/32179208?Oem_Code=C1&logpath=1
AI플랫폼 React 프론트엔드 엔지니어 모집,에이젠글로벌,서울 영등포구,http://www.jobkorea.co.kr/Recruit/GI_Read/32163322?Oem_Code=C1&logpath=1
"(유연 근무제) 웹 개발자(Node.js,React,React Native) 경력 및 신입 채용",온퍼트,서울 강남구,http://www.jobkorea.co.kr/Recruit/GI_Read/32160053?Oem_Code=C1&logpath=1
React native / Electro / Unity3D  경력 및 신입 채용,㈜삼쩜일사,부산 해운대구,http://www.jobkorea.co.kr/Recruit/GI_Read/32129531?Oem_Code=C1&logpath=1
[정규직] Front-End React.js 개발자 구인,㈜유컴패니온,서울 강남구,http://www.jobkorea.co.kr/Recruit/GI_Read/32127871?Oem_Code=C1&logpath=1
"React, Vue 기반 웹 프론트엔드 개발자",카랩㈜,서울 서초구,http://www.jobkorea.co.kr/Recruit/GI_Read/32126090?Oem_Code=C1&logpath=1
"증명발급포털 모바일 앱 개발/Flutter, React , React Native",㈜디지털존 마포지점,서울 마포구,http://www.jobkorea.co.kr/Recruit/GI_Read/32125027?Oem_Code=C1&logpath=1
"[안드로이드, React Native] 개발자를 스타트업에서 모십니다.",에이트린,경기 오산시,http://www.jobkorea.co.kr/Recruit/GI_Read/32118556?Oem_Code=C1&logpath=1
"프론트엔드 개발자 채용(React, Bootstrap, MSA)",더넷㈜,서울 종로구,http://www.jobkorea.co.kr/Recruit/GI_Read/32100732?Oem_Code=C1&logpath=1
React 또는 Vue 기반 웹 프론트엔드 개발자,카랩㈜,서울 서초구,http://www.jobkorea.co.kr/Recruit/GI_Read/32064779?Oem_Code=C1&logpath=1
React Native 개발자 모집,㈜소프트랩스,서울 금천구,http://www.jobkorea.co.kr/Recruit/GI_Read/32024227?Oem_Code=C1&logpath=1
"Node.js, React.js 서버개발, 웹개발 모집",텍스토리㈜,경기 성남시,http://www.jobkorea.co.kr/Recruit/GI_Read/32005658?Oem_Code=C1&logpath=1
1.JAVA React 경력개발자 수시모집-서울/경기,세방정보시스템,서울 전지역 외,http://www.jobkorea.co.kr/Recruit/GI_Read/31973252?Oem_Code=C1&logpath=1
1.JAVA REACT 경력 개발자 수시모집-서울/경기,연우정보기술㈜,서울 전지역 외,http://www.jobkorea.co.kr/Recruit/GI_Read/31973251?Oem_Code=C1&logpath=1
0.JAVA React-JS  MES3.0 철강회사개발-대치동(XXX센터),세방정보시스템,서울 강남구,http://www.jobkorea.co.kr/Recruit/GI_Read/31960451?Oem_Code=C1&logpath=1
REACT NATIVE 개발자 채용,㈜투디지트,경기 성남시,http://www.jobkorea.co.kr/Recruit/GI_Read/31950945?Oem_Code=C1&logpath=1
헬스케어 서비스플랫폼 Front-End 주니어/시니어급 개발자 채용(React),㈜원메딕스인더스트리,서울 강남구 외,http://www.jobkorea.co.kr/Recruit/GI_Read/31946908?Oem_Code=C1&logpath=1
"[장기SM-경기 이천]java,javascript, React, Angular.js,Spring Boot, 초급3년이상",엘앤케이시스템즈,경기 김포시,http://www.jobkorea.co.kr/Recruit/GI_Read/31917525?Oem_Code=C1&logpath=1
1.JAVA React 철강회사 MES 개발업무-선릉역,세방정보시스템,서울 강남구,http://www.jobkorea.co.kr/Recruit/GI_Read/31916124?Oem_Code=C1&logpath=1
JAVA React 철강사 MES 개발업무-선릉역,연우정보기술㈜,서울 강남구,http://www.jobkorea.co.kr/Recruit/GI_Read/31900523?Oem_Code=C1&logpath=1
앱 개발자 모집(React Native / iOS / Android),㈜공간소프트,경기 안성시 외,http://www.jobkorea.co.kr/Recruit/GI_Read/31870041?Oem_Code=C1&logpath=1
골프스팟 웹 / 앱 개발자 모집 [Javascript/Nodejs/React/React-Native],㈜카빅,서울 강서구,http://www.jobkorea.co.kr/Recruit/GI_Read/31834000?Oem_Code=C1&logpath=1
해외 서비스 개발 FrontEnd (React) / Fullstack 개발전문가 모집,주식회사 인벤티스,서울 송파구,http://www.jobkorea.co.kr/Recruit/GI_Read/31827839?Oem_Code=C1&logpath=1
"JAVA SPRING (React-JS,FX,Nexacro..) 철강사개발및 운영-대치동/판교",세방정보시스템,서울 강남구,http://www.jobkorea.co.kr/Recruit/GI_Read/31809445?Oem_Code=C1&logpath=1
골프스팟 웹 / 앱 개발자 모집 [Javascript/Nodejs/React/RN],㈜카빅,서울 강서구,http://www.jobkorea.co.kr/Recruit/GI_Read/31784510?Oem_Code=C1&logpath=1
[신입 / 경력] React Native 개발자  채용,피지엠라이프,서울 중랑구,http://www.jobkorea.co.kr/Recruit/GI_Read/32463376?Oem_Code=C1&logpath=1
[휴도] WEB / APP 신규 구축 풀스텍 개발자 채용 (NODE.JS / REACT-NATIVE),휴도,서울 강남구 외,http://www.jobkorea.co.kr/Recruit/GI_Read/32435310?Oem_Code=C1&logpath=1
[재직자교육]CCNA(네트워크)/빅데이터/파이썬/자바스크립트/Vue.js/React/웹퍼블리싱/인공지능 국비무료 IT직무교육,TIS정보기술교육센터,서울 영등포구 외,http://www.jobkorea.co.kr/Recruit/GI_Read/32380007?Oem_Code=C1&logpath=1
PHP/REACT/PYTHON/퍼블리셔 경력자 채용,행복쇼핑 주식회사,서울 영등포구,http://www.jobkorea.co.kr/Recruit/GI_Read/32297531?Oem_Code=C1&logpath=1
[재택]경력 웹 프로그래머 [php & React 네이티브 어플 제작 가능자] 모십니다.,좋은생각,전국,http://www.jobkorea.co.kr/Recruit/GI_Read/32149484?Oem_Code=C1&logpath=1
SV그룹 React-Native 개발자 채용,에스브이,서울 강남구,http://www.jobkorea.co.kr/Recruit/GI_Read/31768835?Oem_Code=C1&logpath=1
2020년 ㈜GS ITM 경력사원 공개채용,㈜지에스아이티엠(GSITM),서울 종로구,http://www.jobkorea.co.kr/Recruit/GI_Read/32417586?Oem_Code=C1&logpath=1
[프리랜서]UI/UX개발 퍼블리셔 경력직 구인,웅진씽크빅,서울 종로구,http://www.jobkorea.co.kr/Recruit/GI_Read/32396405?Oem_Code=C1&logpath=1
도미노피자 각부문(자회사/관계사포함) 공개채용,도미노피자(청오디피케이),서울 전지역 외,http://www.jobkorea.co.kr/Recruit/GI_Read/32393494?Oem_Code=C1&logpath=1
2020년 해커스교육그룹 신입 및 경력사원 채용,㈜해커스어학원,서울 서초구,http://www.jobkorea.co.kr/Recruit/GI_Read/32347824?Oem_Code=C1&logpath=1
디지털금융/AI 분야 개발자/PM/기술영업 모집,㈜에프에이솔루션,서울 영등포구 외,http://www.jobkorea.co.kr/Recruit/GI_Read/32462286?Oem_Code=C1&logpath=1
IT개발직군 공개채용 (PHP / Spring / 기술기획),㈜스마트스코어,서울 강남구,http://www.jobkorea.co.kr/Recruit/GI_Read/32455284?Oem_Code=C1&logpath=1
(주)렛시 2020년 하반기 인재채용,㈜렛시,서울 강남구,http://www.jobkorea.co.kr/Recruit/GI_Read/32407270?Oem_Code=C1&logpath=1
2020 하반기 각부문별 직원 채용,유한책임회사 앤서스랩코리아,서울 강남구,http://www.jobkorea.co.kr/Recruit/GI_Read/32212863?Oem_Code=C1&logpath=1
(주)스포카 개발자(프론트엔드/백엔드/안드로이드) 채용,Spoqa,서울 강남구,http://www.jobkorea.co.kr/Recruit/GI_Read/32423329?Oem_Code=C1&logpath=1
프론트엔드 개발자 채용,㈜해줌,서울 송파구,http://www.jobkorea.co.kr/Recruit/GI_Read/32388562?Oem_Code=C1&logpath=1
[중고나라] 개발부문 전문가 채용,㈜중고나라,서울 서초구,http://www.jobkorea.co.kr/Recruit/GI_Read/32351778?Oem_Code=C1&logpath=1
[개발팀] E-Commerce Platform 개발자 모집,카페24㈜,서울 동작구,http://www.jobkorea.co.kr/Recruit/GI_Read/32212570?Oem_Code=C1&logpath=1
[개발팀] 백엔드(Backend) 개발자 모집,카페24㈜,서울 동작구,http://www.jobkorea.co.kr/Recruit/GI_Read/32151963?Oem_Code=C1&logpath=1
[엔씨소프트] [신규] 플랫폼 프론트-엔드 개발자 채용,㈜엔씨소프트,경기 성남시,http://www.jobkorea.co.kr/Recruit/GI_Read/32111734?Oem_Code=C1&logpath=1
뉴스서비스실 디지털 직군 경력사원 상시채용,㈜중앙일보,서울 마포구 외,http://www.jobkorea.co.kr/Recruit/GI_Read/32018439?Oem_Code=C1&logpath=1
2020년 ㈜휴넷 웹 개발자 경력직 모집,㈜휴넷,서울 구로구,http://www.jobkorea.co.kr/Recruit/GI_Read/32424902?Oem_Code=C1&logpath=1
[리노미디어] 웹개발자&웹퍼블리셔 경력자 모집합니다. 개발(Web/Pub) 공개채용,㈜리노미디어,서울 송파구 외,http://www.jobkorea.co.kr/Recruit/GI_Read/32379035?Oem_Code=C1&logpath=1
웹/앱 개발자(CTO),더치트주식회사,서울 구로구,http://www.jobkorea.co.kr/Recruit/GI_Read/32343635?Oem_Code=C1&logpath=1
[모바일뷰티플랫폼] 프로젝트 진행 개발자 채용 (Frontend&Backend),아데코코리아,서울 서초구 외,http://www.jobkorea.co.kr/Recruit/GI_Read/32467166?Oem_Code=C1&logpath=1
(주)웅진씽크빅 `프론트엔드(Front-end) 개발자` 모집,㈜웅진씽크빅,서울 종로구,http://www.jobkorea.co.kr/Recruit/GI_Read/32463012?Oem_Code=C1&logpath=1
2020년도 경력사원 상시채용[Android개발],케이티디에스,경기 성남시,http://www.jobkorea.co.kr/Recruit/GI_Read/32460929?Oem_Code=C1&logpath=1
2020년도 경력사원 상시채용,케이티디에스,서울 서초구 외,http://www.jobkorea.co.kr/Recruit/GI_Read/32460864?Oem_Code=C1&logpath=1
[피닉스다트] 반응형 웹 프론트엔드 개발자 모집,㈜피닉스다트,서울 구로구,http://www.jobkorea.co.kr/Recruit/GI_Read/32456866?Oem_Code=C1&logpath=1
[엔씨소프트] [단기계약직] Front-end 개발자 모집,㈜엔씨소프트,경기 성남시,http://www.jobkorea.co.kr/Recruit/GI_Read/32455861?Oem_Code=C1&logpath=1
Java Server Developer,RealNetworks Asia Pacific,서울 종로구,http://www.jobkorea.co.kr/Recruit/GI_Read/32451192?Oem_Code=C1&logpath=1
KEI 사업본부 개발자 채용(UX개발/백엔드개발),㈜아이온커뮤니케이션즈,서울 강남구,http://www.jobkorea.co.kr/Recruit/GI_Read/32451188?Oem_Code=C1&logpath=1
[정규직] HTML5 UI Platform 연구개발직 모집,㈜인스웨이브시스템즈,서울 구로구,http://www.jobkorea.co.kr/Recruit/GI_Read/32443989?Oem_Code=C1&logpath=1
"DTS사업본부 이커머스 프론트엔드(Front-end), 백엔드(Back-end) 기획, 개발자  채용",㈜아이온커뮤니케이션즈,경기 수원시 외,http://www.jobkorea.co.kr/Recruit/GI_Read/32442191?Oem_Code=C1&logpath=1
2020년 ㈜휴넷 콘텐츠 플랫폼(해피칼리지) 퍼블리셔 채용,㈜휴넷,서울 구로구,http://www.jobkorea.co.kr/Recruit/GI_Read/32436229?Oem_Code=C1&logpath=1
"[아프리카TV] 연구소 개발자 채용(Android, iOS, JAVA, PHP)",㈜아프리카TV,경기 성남시,http://www.jobkorea.co.kr/Recruit/GI_Read/32434600?Oem_Code=C1&logpath=1
어트랙트 서비스 프론트엔드 개발자 모집,㈜시지온,서울 마포구 외,http://www.jobkorea.co.kr/Recruit/GI_Read/32428112?Oem_Code=C1&logpath=1
라이브리 서비스 광고 플랫폼 개발자 모집,㈜시지온,서울 마포구 외,http://www.jobkorea.co.kr/Recruit/GI_Read/32428093?Oem_Code=C1&logpath=1
서버 개발 경력직 모집(정규직),가온미디어㈜,경기 성남시,http://www.jobkorea.co.kr/Recruit/GI_Read/32428048?Oem_Code=C1&logpath=1
AI 딥러닝 솔루션 개발자 모집,㈜ 다임즈,서울 구로구 외,http://www.jobkorea.co.kr/Recruit/GI_Read/32414657?Oem_Code=C1&logpath=1
인공지능(AI)기반 프론트엔드 개발 직군 채용(경력),포티투마루,서울 관악구,http://www.jobkorea.co.kr/Recruit/GI_Read/32408466?Oem_Code=C1&logpath=1
필웨이와 함께 할 웹프론트엔드 개발자 경력채용,㈜필웨이,서울 전지역 외,http://www.jobkorea.co.kr/Recruit/GI_Read/32407267?Oem_Code=C1&logpath=1
현대오토에버 경력사원 대규모 상시 채용,현대오토에버㈜,서울 강남구 외,http://www.jobkorea.co.kr/Recruit/GI_Read/32406087?Oem_Code=C1&logpath=1
웹/ 앱/ 시스템/ 인프라/ 네트웍/ 서버/보안 부문 경력채용,현대오토에버㈜,서울 강남구 외,http://www.jobkorea.co.kr/Recruit/GI_Read/32406070?Oem_Code=C1&logpath=1
"모빌리티/ 커넥티비티/ 스마트팩토리,빌딩/ 플랫폼부문 경력채용",현대오토에버㈜,서울 강남구,http://www.jobkorea.co.kr/Recruit/GI_Read/32406048?Oem_Code=C1&logpath=1
[텐바이텐] UI개발자(웹퍼블리셔) 경력직 모집,㈜텐바이텐,서울 종로구,http://www.jobkorea.co.kr/Recruit/GI_Read/32392073?Oem_Code=C1&logpath=1
자바스크립트 개발자 채용(육아휴직자 대체근무 계약직),㈜매그넘빈트,서울 강남구,http://www.jobkorea.co.kr/Recruit/GI_Read/32388053?Oem_Code=C1&logpath=1
서버 개발자(경력) 모집,네이버웹툰,경기 성남시,http://www.jobkorea.co.kr/Recruit/GI_Read/32386364?Oem_Code=C1&logpath=1
NHN godo : 모바일 개발자 (iOS) 채용,엔에이치엔고도㈜,서울 구로구,http://www.jobkorea.co.kr/Recruit/GI_Read/32385719?Oem_Code=C1&logpath=1
"리치플래닛 서비스개발팀 부문별 경력직 모집(UI개발, App개발, 백엔드 개발)",㈜리치앤코,서울 중구,http://www.jobkorea.co.kr/Recruit/GI_Read/32382581?Oem_Code=C1&logpath=1
쇼핑플랫폼 앱 개발자 모집(Android/iOS),㈜NAVER,경기 성남시,http://www.jobkorea.co.kr/Recruit/GI_Read/32382570?Oem_Code=C1&logpath=1
[Clova] Conversation Engineering 개발 경력사원 모집,㈜NAVER,경기 성남시,http://www.jobkorea.co.kr/Recruit/GI_Read/32382185?Oem_Code=C1&logpath=1
[인터파크그룹] 프론트엔드 서비스 개발 및 운영,㈜인터파크,서울 강남구,http://www.jobkorea.co.kr/Recruit/GI_Read/32378761?Oem_Code=C1&logpath=1
ZZZ 프론트엔드 개발자 모집,네이버제트,경기 성남시,http://www.jobkorea.co.kr/Recruit/GI_Read/32375458?Oem_Code=C1&logpath=1
유능한 APP개발자 모십니다.,㈜누리텔레콤,서울 서초구,http://www.jobkorea.co.kr/Recruit/GI_Read/32371462?Oem_Code=C1&logpath=1
UX 기획 및 개발,㈜슈프리마,경기 성남시,http://www.jobkorea.co.kr/Recruit/GI_Read/32371236?Oem_Code=C1&logpath=1
이투스교육 개발자 신입/경력 8월 공개채용,이투스교육㈜,서울 서초구,http://www.jobkorea.co.kr/Recruit/GI_Read/32362037?Oem_Code=C1&logpath=1
각 부문 경력사원 공개채용,㈜네오랩컨버전스,경기 수원시 외,http://www.jobkorea.co.kr/Recruit/GI_Read/32348402?Oem_Code=C1&logpath=1
[여기어때] 서비스제품개발실 서버 개발자 채용,주식회사 여기어때컴퍼니,서울 강남구 외,http://www.jobkorea.co.kr/Recruit/GI_Read/32351877?Oem_Code=C1&logpath=1
2020년 기술연구그룹 공채,이노뎁㈜,서울 구로구,http://www.jobkorea.co.kr/Recruit/GI_Read/32351808?Oem_Code=C1&logpath=1
[경력] Publishing / Front-end 분야별 개발자 채용,㈜애드쿠아인터렉티브,서울 강남구,http://www.jobkorea.co.kr/Recruit/GI_Read/32335565?Oem_Code=C1&logpath=1
LIVE서비스 개발자 채용 (서버개발/ 웹/ Android / iOS),㈜아프리카TV,경기 성남시,http://www.jobkorea.co.kr/Recruit/GI_Read/32338071?Oem_Code=C1&logpath=1
[위메이드 트리] 블록체인 플랫폼 운영/보안/개발,㈜위메이드,경기 성남시,http://www.jobkorea.co.kr/Recruit/GI_Read/32339441?Oem_Code=C1&logpath=1
[브랜디] LABs MA팀 iOS / AOS 개발자 및 PM실 UX/UI 디자이너 채용,브랜디,서울 강남구,http://www.jobkorea.co.kr/Recruit/GI_Read/32339207?Oem_Code=C1&logpath=1
[스마일게이트 홀딩스] [개발] 그룹웨어/그룹사사이트 개발 담당(대리급),㈜스마일게이트,경기 성남시,http://www.jobkorea.co.kr/Recruit/GI_Read/32334926?Oem_Code=C1&logpath=1
빗썸 IT 개발자 경력직 채용,㈜빗썸코리아,서울 강남구,http://www.jobkorea.co.kr/Recruit/GI_Read/32324776?Oem_Code=C1&logpath=1
[Web] 시니어 백엔드 개발자,한국정보공학,경기 성남시,http://www.jobkorea.co.kr/Recruit/GI_Read/32322122?Oem_Code=C1&logpath=1
백엔드 개발자 신입 채용,㈜진학사,경기 성남시,http://www.jobkorea.co.kr/Recruit/GI_Read/32320834?Oem_Code=C1&logpath=1
[CJENM자회사-메조미디어] 광고시스템 FRONT-END개발 경력 채용,㈜메조미디어,서울 강남구,http://www.jobkorea.co.kr/Recruit/GI_Read/32289401?Oem_Code=C1&logpath=1
[본사] 웹서비스개발팀 경력사원 모집 (웹기획/UI개발),㈜리치앤코,서울 중구,http://www.jobkorea.co.kr/Recruit/GI_Read/32284399?Oem_Code=C1&logpath=1
이투스교육 신사업부문 공개 채용,이투스교육㈜,서울 서초구,http://www.jobkorea.co.kr/Recruit/GI_Read/32281529?Oem_Code=C1&logpath=1
AI전문기업 (주)마인즈랩 Platform Developer 채용,마인즈랩,경기 성남시,http://www.jobkorea.co.kr/Recruit/GI_Read/32275960?Oem_Code=C1&logpath=1
[시원스쿨] 안드로이드 앱 개발자 채용,에스제이더블유인터내셔널,서울 영등포구,http://www.jobkorea.co.kr/Recruit/GI_Read/32264989?Oem_Code=C1&logpath=1
[인터파크] 서비스개발본부 개발자 채용 (경력),㈜인터파크,서울 강남구,http://www.jobkorea.co.kr/Recruit/GI_Read/32233521?Oem_Code=C1&logpath=1
[YES24] Android / IOS 앱 개발 경력직 채용(정규직),YES24㈜,서울 영등포구,http://www.jobkorea.co.kr/Recruit/GI_Read/32229652?Oem_Code=C1&logpath=1
[수시] ZUM 포털서비스 개발(신입/경력),줌인터넷㈜,서울 서초구,http://www.jobkorea.co.kr/Recruit/GI_Read/32204520?Oem_Code=C1&logpath=1
"각 부문별 직원채용(백엔드/프론트엔드 개발자, 퍼블리셔, 자바개발자)",제이슨그룹,서울 전지역 외,http://www.jobkorea.co.kr/Recruit/GI_Read/32202413?Oem_Code=C1&logpath=1
[메가존클라우드] Product Development 부문 채용,메가존㈜,서울 강남구,http://www.jobkorea.co.kr/Recruit/GI_Read/32185394?Oem_Code=C1&logpath=1
"인공지능(AI) 전문기업 솔트룩스 - 웹개발, 프론트엔드 개발자 (병특 가능)",㈜솔트룩스,서울 강남구,http://www.jobkorea.co.kr/Recruit/GI_Read/32168229?Oem_Code=C1&logpath=1
[수시] EST Family 프론트엔드 개발(신입/경력),㈜이스트소프트,서울 서초구,http://www.jobkorea.co.kr/Recruit/GI_Read/32153636?Oem_Code=C1&logpath=1
[LINE PLUS] 커머스 플랫폼 개발 (프론트엔드 엔지니어),㈜라인플러스,경기 성남시,http://www.jobkorea.co.kr/Recruit/GI_Read/32122688?Oem_Code=C1&logpath=1
함께 성장할 웹 개발자분을 모십니다.,㈜캐스팅 엔,서울 마포구,http://www.jobkorea.co.kr/Recruit/GI_Read/32090314?Oem_Code=C1&logpath=1
솔루션(Web) 개발자 모집,㈜ 다임즈,서울 구로구 외,http://www.jobkorea.co.kr/Recruit/GI_Read/32048411?Oem_Code=C1&logpath=1
[Clova] AI Platform Client 개발자 경력 (Android / iOS / Front End),㈜NAVER,경기 성남시,http://www.jobkorea.co.kr/Recruit/GI_Read/32034903?Oem_Code=C1&logpath=1
Bridge engineer for Vietnam outsourcing development,알서포트㈜,서울 송파구,http://www.jobkorea.co.kr/Recruit/GI_Read/32022910?Oem_Code=C1&logpath=1
[NHN Bugs] 벅스 웹개발 경력 채용,㈜엔에이치엔벅스,경기 성남시,http://www.jobkorea.co.kr/Recruit/GI_Read/32012384?Oem_Code=C1&logpath=1
[홈페이지지원] [SK(주) C&C] SK하이닉스 경영정보시스템 개발/운영 인력 채용,SK㈜,경기 이천시,http://www.jobkorea.co.kr/Recruit/GI_Read/32009997?Oem_Code=C1&logpath=1
2020 KB데이타시스템 경력직 상시채용,㈜KB데이타시스템,서울 마포구,http://www.jobkorea.co.kr/Recruit/GI_Read/32004003?Oem_Code=C1&logpath=1
연구개발(WEB) 경력사원 모집( Web Application ),㈜유비케어,서울 구로구,http://www.jobkorea.co.kr/Recruit/GI_Read/31846156?Oem_Code=C1&logpath=1
[Back-End/웹서비스/iOS 앱개발] 경력 채용,코나아이㈜,경기 김포시 외,http://www.jobkorea.co.kr/Recruit/GI_Read/31837462?Oem_Code=C1&logpath=1
[이지케어텍] 연구소 경력사원 채용,이지케어텍㈜,경기 성남시,http://www.jobkorea.co.kr/Recruit/GI_Read/31834671?Oem_Code=C1&logpath=1
필웨이와 함께 할 각 분야 담당자 채용,㈜필웨이,서울 전지역 외,http://www.jobkorea.co.kr/Recruit/GI_Read/31815712?Oem_Code=C1&logpath=1
인공지능(AI)기반 QA 개발 직군 채용,포티투마루,서울 관악구,http://www.jobkorea.co.kr/Recruit/GI_Read/31819219?Oem_Code=C1&logpath=1
[Search & Clova] 검색 엔진 S/W 엔지니어 경력사원 모집,㈜NAVER,경기 성남시,http://www.jobkorea.co.kr/Recruit/GI_Read/30805113?Oem_Code=C1&logpath=1
SK하이닉스(이천) 자동화시스템 개발(SI)담당자 모집 건(JAVA),(주)위즈아이앤씨,경기 이천시,http://www.jobkorea.co.kr/Recruit/GI_Read/32470956?Oem_Code=C1&logpath=1
웹개발자를 모집합니다.,㈜아이메디신,서울 강남구,http://www.jobkorea.co.kr/Recruit/GI_Read/32465970?Oem_Code=C1&logpath=1
"SI, SM ( Java, DataMart, DB Mig. )",㈜에스메이트,서울 금천구 외,http://www.jobkorea.co.kr/Recruit/GI_Read/32455449?Oem_Code=C1&logpath=1
[디지털사업부] 프론트엔드 개발 경력직 채용,㈜오픈오브젝트,서울 구로구,http://www.jobkorea.co.kr/Recruit/GI_Read/32453703?Oem_Code=C1&logpath=1
자스텍엠에서 개발자 경력직원을 모집합니다,자스텍엠,경기 성남시,http://www.jobkorea.co.kr/Recruit/GI_Read/32452546?Oem_Code=C1&logpath=1
[(주)엑시아 소프트] 암호화폐거래소 프론트엔드 개발자 모집,AXIASOFT,서울 강남구 외,http://www.jobkorea.co.kr/Recruit/GI_Read/32447522?Oem_Code=C1&logpath=1
미술픔 거래 플랫폼 프로젝트 프론트엔드 담당자 구인,INCUEN,서울 종로구,http://www.jobkorea.co.kr/Recruit/GI_Read/32442693?Oem_Code=C1&logpath=1
라스트오더 웹프론트개발자 및 PHP 백오피스 개발자 구합니다.,㈜미로,서울 강서구,http://www.jobkorea.co.kr/Recruit/GI_Read/32437422?Oem_Code=C1&logpath=1
캐시워크와 함께 걸어갈 웹 Frontend 개발자님을 찾습니다,캐시워크(주),서울 강남구,http://www.jobkorea.co.kr/Recruit/GI_Read/32432263?Oem_Code=C1&logpath=1
[집토스] Backend / Server Developer (Senior) 채용,집토스,서울 성동구,http://www.jobkorea.co.kr/Recruit/GI_Read/32430405?Oem_Code=C1&logpath=1
[알스퀘어] 부동산플랫폼 R&D웹개발자 경력 채용,㈜부동산다이렉트,서울 강남구,http://www.jobkorea.co.kr/Recruit/GI_Read/32429780?Oem_Code=C1&logpath=1
프론트엔드(frontend) 개발자 모집,㈜다윈소프트,경기 성남시,http://www.jobkorea.co.kr/Recruit/GI_Read/32427624?Oem_Code=C1&logpath=1
[과장급 경력자]실력있는 Java 웹개발자를 모십니다.,㈜에이티맥스,인천 연수구 외,http://www.jobkorea.co.kr/Recruit/GI_Read/32421626?Oem_Code=C1&logpath=1
2020년 상반기 신입 및 경력사원 모집,㈜뉴데이타,서울 양천구,http://www.jobkorea.co.kr/Recruit/GI_Read/32415785?Oem_Code=C1&logpath=1
Java 웹 개발 경력자 채용 공고,㈜에이엔드,서울 강남구 외,http://www.jobkorea.co.kr/Recruit/GI_Read/32408507?Oem_Code=C1&logpath=1
[ViBLE] iOS 경력 개발자 / 프론트엔드 경력 개발자 채용,㈜스튜디오바이블(Studio Vible Inc.),서울 용산구,http://www.jobkorea.co.kr/Recruit/GI_Read/32402575?Oem_Code=C1&logpath=1
